#
# There is insufficient memory for the Java Runtime Environment to continue.
# Native memory allocation (mmap) failed to map 196083712 bytes. Error detail: G1 virtual space
# Possible reasons:
#   The system is out of physical RAM or swap space
#   This process is running with CompressedOops enabled, and the Java Heap may be blocking the growth of the native heap
# Possible solutions:
#   Reduce memory load on the system
#   Increase physical memory or swap space
#   Check if swap backing store is full
#   Decrease Java heap size (-Xmx/-Xms)
#   Decrease number of Java threads
#   Decrease Java thread stack sizes (-Xss)
#   Set larger code cache with -XX:ReservedCodeCacheSize=
#   JVM is running with Unscaled Compressed Oops mode in which the Java heap is
#     placed in the first 4GB address space. The Java Heap base address is the
#     maximum limit for the native heap growth. Please use -XX:HeapBaseMinAddress
#     to set the Java Heap base and to place the Java Heap above 4GB virtual address.
# This output file may be truncated or incomplete.
#
#  Out of Memory Error (os_windows.cpp:3714), pid=8484, tid=5388
#
# JRE version: OpenJDK Runtime Environment Liberica-NIK-23.1.10-1 (21.0.10+11) (build 21.0.10+11-LTS)
# Java VM: OpenJDK 64-Bit Server VM Liberica-NIK-23.1.10-1 (21.0.10+11-LTS, mixed mode, sharing, tiered, jvmci, jvmci compiler, compressed oops, compressed class ptrs, g1 gc, windows-amd64)
# No core dump will be written. Minidumps are not enabled by default on client versions of Windows
#

---------------  S U M M A R Y ------------

Command Line: -XX:ThreadPriorityPolicy=1 -XX:+UnlockExperimentalVMOptions -XX:+EnableJVMCIProduct -XX:-UnlockExperimentalVMOptions --add-opens=java.base/java.lang=ALL-UNNAMED --add-opens=java.base/java.lang.invoke=ALL-UNNAMED --add-opens=java.base/java.util=ALL-UNNAMED --add-opens=java.prefs/java.util.prefs=ALL-UNNAMED --add-exports=jdk.compiler/com.sun.tools.javac.api=ALL-UNNAMED --add-exports=jdk.compiler/com.sun.tools.javac.util=ALL-UNNAMED --add-opens=java.base/java.util=ALL-UNNAMED --add-opens=java.prefs/java.util.prefs=ALL-UNNAMED --add-opens=java.base/java.nio.charset=ALL-UNNAMED --add-opens=java.base/java.net=ALL-UNNAMED --add-opens=java.base/java.util.concurrent=ALL-UNNAMED --add-opens=java.base/java.util.concurrent.atomic=ALL-UNNAMED --add-opens=java.xml/javax.xml.namespace=ALL-UNNAMED --add-opens=java.base/java.time=ALL-UNNAMED -XX:MaxMetaspaceSize=1024m -XX:+HeapDumpOnOutOfMemoryError -Xmx2048m -Dfile.encoding=UTF-8 -Duser.country=VN -Duser.language=vi -Duser.variant -javaagent:C:\Users\Truong\.gradle\wrapper\dists\gradle-9.2.1-bin\2t0n5ozlw9xmuyvbp7dnzaxug\gradle-9.2.1\lib\agents\gradle-instrumentation-agent-9.2.1.jar org.gradle.launcher.daemon.bootstrap.GradleDaemon 9.2.1

Host: 13th Gen Intel(R) Core(TM) i9-13900H, 20 cores, 39G,  Windows 11 , 64 bit Build 26100 (10.0.26100.8875)
Time: Thu Jul 16 23:29:05 2026 SE Asia Standard Time elapsed time: 82.358415 seconds (0d 0h 1m 22s)

---------------  T H R E A D  ---------------

Current thread (0x000001a56d2ee3a0):  VMThread "VM Thread"          [id=5388, stack(0x00000070e5400000,0x00000070e5500000) (1024K)]

Stack: [0x00000070e5400000,0x00000070e5500000]
Native frames: (J=compiled Java code, j=interpreted, Vv=VM code, C=native code)
V  [jvm.dll+0x6e2889]
V  [jvm.dll+0x8bed11]
V  [jvm.dll+0x8c112e]
V  [jvm.dll+0x8c1813]
V  [jvm.dll+0x286456]
V  [jvm.dll+0x6defb5]
V  [jvm.dll+0x6d2b1a]
V  [jvm.dll+0x35f36a]
V  [jvm.dll+0x366f86]
V  [jvm.dll+0x3b8e5e]
V  [jvm.dll+0x3b9108]
V  [jvm.dll+0x332d1c]
V  [jvm.dll+0x332da7]
V  [jvm.dll+0x37777c]
V  [jvm.dll+0x375f8d]
V  [jvm.dll+0x3324e1]
V  [jvm.dll+0x37569a]
V  [jvm.dll+0x8c7728]
V  [jvm.dll+0x8c8a74]
V  [jvm.dll+0x8c8fb0]
V  [jvm.dll+0x8c9253]
V  [jvm.dll+0x868cd8]
V  [jvm.dll+0x6e0f5d]
C  [ucrtbase.dll+0x2cd30]
C  [KERNEL32.DLL+0x2e957]
C  [ntdll.dll+0xaad6c]

VM_Operation (0x00000070eb5fc9d0): G1CollectForAllocation, mode: safepoint, requested by thread 0x000001a547ffc360


---------------  P R O C E S S  ---------------

Threads class SMR info:
_java_thread_list=0x000001a57627cea0, length=84, elements={
0x000001a54cbe4bc0, 0x000001a56d30c890, 0x000001a56d30d2f0, 0x000001a56d30fd60,
0x000001a56d3108f0, 0x000001a56d3135c0, 0x000001a56d316560, 0x000001a56d31ec30,
0x000001a56d31f2e0, 0x000001a56d3b9ef0, 0x000001a56d3151b0, 0x000001a56d317280,
0x000001a56d315840, 0x000001a573e6e2e0, 0x000001a573e71760, 0x000001a573e6f000,
0x000001a573e6fd20, 0x000001a573e703b0, 0x000001a573e6e970, 0x000001a573e731a0,
0x000001a573e70a40, 0x000001a573e71df0, 0x000001a573e73830, 0x000001a573e72480,
0x000001a573e73ec0, 0x000001a573e72b10, 0x000001a573e75270, 0x000001a573e75900,
0x000001a572f01ee0, 0x000001a572f00b30, 0x000001a572f02570, 0x000001a572f02c00,
0x000001a572eff780, 0x000001a572effe10, 0x000001a572f01850, 0x000001a575561520,
0x000001a57555fae0, 0x000001a57555edc0, 0x000001a575560170, 0x000001a575560e90,
0x000001a575561bb0, 0x000001a575560800, 0x000001a5755649a0, 0x000001a575562f60,
0x000001a5755656c0, 0x000001a57b794c00, 0x000001a57b793ee0, 0x000001a57b796640,
0x000001a57b795290, 0x000001a57b795920, 0x000001a57b793850, 0x000001a56d317fa0,
0x000001a57c01ac00, 0x000001a57c0184a0, 0x000001a57bce2630, 0x000001a5750dcad0,
0x000001a5750dd160, 0x000001a57c3b40b0, 0x000001a57bc54400, 0x000001a57bc54a90,
0x000001a57bc536e0, 0x000001a57c4acb50, 0x000001a57bce1910, 0x000001a5750dd7f0,
0x000001a5750dc440, 0x000001a57b0c69c0, 0x000001a57c3b4740, 0x000001a57c4abe30,
0x000001a575de6df0, 0x000001a57c178720, 0x000001a57c18c9a0, 0x000001a57d667280,
0x000001a57b0c7050, 0x000001a57b0c9120, 0x000001a57d686700, 0x000001a57d687ab0,
0x000001a57ec53140, 0x000001a57ec537d0, 0x000001a57edddcd0, 0x000001a57ede1a20,
0x000001a57edde3a0, 0x000001a57ede20f0, 0x000001a547ffc360, 0x000001a547ffd100
}

Java Threads: ( => current thread )
  0x000001a54cbe4bc0 JavaThread "main"                              [_thread_blocked, id=25708, stack(0x00000070e4d00000,0x00000070e4e00000) (1024K)]
  0x000001a56d30c890 JavaThread "Reference Handler"          daemon [_thread_blocked, id=26620, stack(0x00000070e5500000,0x00000070e5600000) (1024K)]
  0x000001a56d30d2f0 JavaThread "Finalizer"                  daemon [_thread_blocked, id=25380, stack(0x00000070e5600000,0x00000070e5700000) (1024K)]
  0x000001a56d30fd60 JavaThread "Signal Dispatcher"          daemon [_thread_blocked, id=39832, stack(0x00000070e5700000,0x00000070e5800000) (1024K)]
  0x000001a56d3108f0 JavaThread "Attach Listener"            daemon [_thread_blocked, id=12076, stack(0x00000070e5800000,0x00000070e5900000) (1024K)]
  0x000001a56d3135c0 JavaThread "Service Thread"             daemon [_thread_blocked, id=31456, stack(0x00000070e5900000,0x00000070e5a00000) (1024K)]
  0x000001a56d316560 JavaThread "Monitor Deflation Thread"   daemon [_thread_blocked, id=10476, stack(0x00000070e5a00000,0x00000070e5b00000) (1024K)]
  0x000001a56d31ec30 JavaThread "JVMCI CompilerThread0"      daemon [_thread_blocked, id=6764, stack(0x00000070e5b00000,0x00000070e5c00000) (1024K)]
  0x000001a56d31f2e0 JavaThread "C1 CompilerThread0"         daemon [_thread_blocked, id=7176, stack(0x00000070e5c00000,0x00000070e5d00000) (1024K)]
  0x000001a56d3b9ef0 JavaThread "C1 CompilerThread1"         daemon [_thread_blocked, id=36756, stack(0x00000070e5d00000,0x00000070e5e00000) (1024K)]
  0x000001a56d3151b0 JavaThread "Common-Cleaner"             daemon [_thread_blocked, id=35104, stack(0x00000070e5e00000,0x00000070e5f00000) (1024K)]
  0x000001a56d317280 JavaThread "Notification Thread"        daemon [_thread_blocked, id=1572, stack(0x00000070e5f00000,0x00000070e6000000) (1024K)]
  0x000001a56d315840 JavaThread "Cleaner-0"                  daemon [_thread_blocked, id=2460, stack(0x00000070e6f00000,0x00000070e7000000) (1024K)]
  0x000001a573e6e2e0 JavaThread "Daemon health stats"               [_thread_blocked, id=31224, stack(0x00000070e7600000,0x00000070e7700000) (1024K)]
  0x000001a573e71760 JavaThread "Incoming local TCP Connector on port 54249"        [_thread_in_native, id=30836, stack(0x00000070e7500000,0x00000070e7600000) (1024K)]
  0x000001a573e6f000 JavaThread "Daemon periodic checks"            [_thread_blocked, id=39696, stack(0x00000070e7800000,0x00000070e7900000) (1024K)]
  0x000001a573e6fd20 JavaThread "Daemon"                            [_thread_blocked, id=16884, stack(0x00000070e7900000,0x00000070e7a00000) (1024K)]
  0x000001a573e703b0 JavaThread "Handler for socket connection from /127.0.0.1:54249 to /127.0.0.1:54250"        [_thread_in_native, id=36360, stack(0x00000070e7a00000,0x00000070e7b00000) (1024K)]
  0x000001a573e6e970 JavaThread "Cancel handler"                    [_thread_blocked, id=32348, stack(0x00000070e7400000,0x00000070e7500000) (1024K)]
  0x000001a573e731a0 JavaThread "Daemon worker"                     [_thread_blocked, id=31088, stack(0x00000070e7700000,0x00000070e7800000) (1024K)]
  0x000001a573e70a40 JavaThread "Asynchronous log dispatcher for DefaultDaemonConnection: socket connection from /127.0.0.1:54249 to /127.0.0.1:54250"        [_thread_blocked, id=2668, stack(0x00000070e7b00000,0x00000070e7c00000) (1024K)]
  0x000001a573e71df0 JavaThread "Stdin handler"                     [_thread_blocked, id=15088, stack(0x00000070e7c00000,0x00000070e7d00000) (1024K)]
  0x000001a573e73830 JavaThread "Daemon client event forwarder"        [_thread_blocked, id=35036, stack(0x00000070e7d00000,0x00000070e7e00000) (1024K)]
  0x000001a573e72480 JavaThread "Cache worker for journal cache (C:\Users\Truong\.gradle\caches\journal-1)"        [_thread_blocked, id=17912, stack(0x00000070e7f00000,0x00000070e8000000) (1024K)]
  0x000001a573e73ec0 JavaThread "File lock request listener"        [_thread_in_native, id=27580, stack(0x00000070e8000000,0x00000070e8100000) (1024K)]
  0x000001a573e72b10 JavaThread "Cache worker for file hash cache (C:\Users\Truong\.gradle\caches\9.2.1\fileHashes)"        [_thread_blocked, id=37196, stack(0x00000070e8100000,0x00000070e8200000) (1024K)]
  0x000001a573e75270 JavaThread "Cache worker for file hash cache (D:\Android\NASWebDAV\.gradle\9.2.1\fileHashes)"        [_thread_blocked, id=38960, stack(0x00000070e8200000,0x00000070e8300000) (1024K)]
  0x000001a573e75900 JavaThread "Cache worker for Build Output Cleanup Cache (D:\Android\NASWebDAV\.gradle\buildOutputCleanup)"        [_thread_blocked, id=25896, stack(0x00000070e8300000,0x00000070e8400000) (1024K)]
  0x000001a572f01ee0 JavaThread "File watcher server"        daemon [_thread_blocked, id=25524, stack(0x00000070e8400000,0x00000070e8500000) (1024K)]
  0x000001a572f00b30 JavaThread "File watcher consumer"      daemon [_thread_blocked, id=28972, stack(0x00000070e8500000,0x00000070e8600000) (1024K)]
  0x000001a572f02570 JavaThread "Cache worker for checksums cache (D:\Android\NASWebDAV\.gradle\9.2.1\checksums)"        [_thread_blocked, id=30988, stack(0x00000070e7e00000,0x00000070e7f00000) (1024K)]
  0x000001a572f02c00 JavaThread "Cache worker for file content cache (C:\Users\Truong\.gradle\caches\9.2.1\fileContent)"        [_thread_blocked, id=34692, stack(0x00000070e8600000,0x00000070e8700000) (1024K)]
  0x000001a572eff780 JavaThread "Cache worker for cache directory md-supplier (C:\Users\Truong\.gradle\caches\9.2.1\md-supplier)"        [_thread_blocked, id=28728, stack(0x00000070e8700000,0x00000070e8800000) (1024K)]
  0x000001a572effe10 JavaThread "Cache worker for cache directory md-rule (C:\Users\Truong\.gradle\caches\9.2.1\md-rule)"        [_thread_blocked, id=32064, stack(0x00000070e8800000,0x00000070e8900000) (1024K)]
  0x000001a572f01850 JavaThread "Unconstrained build operations"        [_thread_blocked, id=26440, stack(0x00000070e8c00000,0x00000070e8d00000) (1024K)]
  0x000001a575561520 JavaThread "Unconstrained build operations Thread 2"        [_thread_blocked, id=14020, stack(0x00000070e8d00000,0x00000070e8e00000) (1024K)]
  0x000001a57555fae0 JavaThread "Unconstrained build operations Thread 3"        [_thread_blocked, id=34984, stack(0x00000070e8e00000,0x00000070e8f00000) (1024K)]
  0x000001a57555edc0 JavaThread "Unconstrained build operations Thread 4"        [_thread_blocked, id=25064, stack(0x00000070e8900000,0x00000070e8a00000) (1024K)]
  0x000001a575560170 JavaThread "Unconstrained build operations Thread 5"        [_thread_blocked, id=37636, stack(0x00000070e8a00000,0x00000070e8b00000) (1024K)]
  0x000001a575560e90 JavaThread "Unconstrained build operations Thread 6"        [_thread_blocked, id=9484, stack(0x00000070e8b00000,0x00000070e8c00000) (1024K)]
  0x000001a575561bb0 JavaThread "Memory manager"                    [_thread_blocked, id=27732, stack(0x00000070e7000000,0x00000070e7100000) (1024K)]
  0x000001a575560800 JavaThread "build event listener"              [_thread_blocked, id=35168, stack(0x00000070e9100000,0x00000070e9200000) (1024K)]
  0x000001a5755649a0 JavaThread "ForkJoinPool.commonPool-worker-1" daemon [_thread_blocked, id=39064, stack(0x00000070e9200000,0x00000070e9300000) (1024K)]
  0x000001a575562f60 JavaThread "ForkJoinPool.commonPool-worker-2" daemon [_thread_blocked, id=5216, stack(0x00000070e9300000,0x00000070e9400000) (1024K)]
  0x000001a5755656c0 JavaThread "ForkJoinPool.commonPool-worker-3" daemon [_thread_blocked, id=36960, stack(0x00000070e9400000,0x00000070e9500000) (1024K)]
  0x000001a57b794c00 JavaThread "ForkJoinPool.commonPool-worker-4" daemon [_thread_blocked, id=10612, stack(0x00000070e9500000,0x00000070e9600000) (1024K)]
  0x000001a57b793ee0 JavaThread "ForkJoinPool.commonPool-worker-5" daemon [_thread_blocked, id=2788, stack(0x00000070e9600000,0x00000070e9700000) (1024K)]
  0x000001a57b796640 JavaThread "ForkJoinPool.commonPool-worker-7" daemon [_thread_blocked, id=29680, stack(0x00000070e9800000,0x00000070e9900000) (1024K)]
  0x000001a57b795290 JavaThread "ForkJoinPool.commonPool-worker-6" daemon [_thread_blocked, id=39344, stack(0x00000070e9900000,0x00000070e9a00000) (1024K)]
  0x000001a57b795920 JavaThread "ForkJoinPool.commonPool-worker-8" daemon [_thread_blocked, id=32288, stack(0x00000070e9a00000,0x00000070e9b00000) (1024K)]
  0x000001a57b793850 JavaThread "ForkJoinPool.commonPool-worker-9" daemon [_thread_blocked, id=26656, stack(0x00000070e9b00000,0x00000070e9c00000) (1024K)]
  0x000001a56d317fa0 JavaThread "Exec process"                      [_thread_blocked, id=39796, stack(0x00000070e9c00000,0x00000070e9d00000) (1024K)]
  0x000001a57c01ac00 JavaThread "Exec process Thread 2"             [_thread_blocked, id=37260, stack(0x00000070e9d00000,0x00000070e9e00000) (1024K)]
  0x000001a57c0184a0 JavaThread "Exec process Thread 3"             [_thread_blocked, id=11548, stack(0x00000070e9e00000,0x00000070e9f00000) (1024K)]
  0x000001a57bce2630 JavaThread "included builds"                   [_thread_blocked, id=34132, stack(0x00000070e9f00000,0x00000070ea000000) (1024K)]
  0x000001a5750dcad0 JavaThread "Execution worker"                  [_thread_blocked, id=13624, stack(0x00000070ea000000,0x00000070ea100000) (1024K)]
  0x000001a5750dd160 JavaThread "Cache worker for execution history cache (D:\Android\NASWebDAV\.gradle\9.2.1\executionHistory)"        [_thread_blocked, id=38028, stack(0x00000070ea100000,0x00000070ea200000) (1024K)]
  0x000001a57c3b40b0 JavaThread "Unconstrained build operations Thread 7"        [_thread_blocked, id=22852, stack(0x00000070ea200000,0x00000070ea300000) (1024K)]
  0x000001a57bc54400 JavaThread "Unconstrained build operations Thread 8"        [_thread_blocked, id=25044, stack(0x00000070ea300000,0x00000070ea400000) (1024K)]
  0x000001a57bc54a90 JavaThread "Unconstrained build operations Thread 9"        [_thread_blocked, id=37756, stack(0x00000070ea400000,0x00000070ea500000) (1024K)]
  0x000001a57bc536e0 JavaThread "Unconstrained build operations Thread 10"        [_thread_blocked, id=23228, stack(0x00000070ea500000,0x00000070ea600000) (1024K)]
  0x000001a57c4acb50 JavaThread "Unconstrained build operations Thread 11"        [_thread_blocked, id=6876, stack(0x00000070ea600000,0x00000070ea700000) (1024K)]
  0x000001a57bce1910 JavaThread "Unconstrained build operations Thread 12"        [_thread_blocked, id=9756, stack(0x00000070ea700000,0x00000070ea800000) (1024K)]
  0x000001a5750dd7f0 JavaThread "WorkerExecutor Queue"              [_thread_blocked, id=21712, stack(0x00000070eab00000,0x00000070eac00000) (1024K)]
  0x000001a5750dc440 JavaThread "Unconstrained build operations Thread 13"        [_thread_blocked, id=30196, stack(0x00000070eac00000,0x00000070ead00000) (1024K)]
  0x000001a57b0c69c0 JavaThread "Unconstrained build operations Thread 14"        [_thread_blocked, id=34452, stack(0x00000070ead00000,0x00000070eae00000) (1024K)]
  0x000001a57c3b4740 JavaThread "Unconstrained build operations Thread 15"        [_thread_blocked, id=37920, stack(0x00000070eae00000,0x00000070eaf00000) (1024K)]
  0x000001a57c4abe30 JavaThread "Unconstrained build operations Thread 16"        [_thread_blocked, id=34604, stack(0x00000070ea900000,0x00000070eaa00000) (1024K)]
  0x000001a575de6df0 JavaThread "Unconstrained build operations Thread 17"        [_thread_blocked, id=25572, stack(0x00000070eb100000,0x00000070eb200000) (1024K)]
  0x000001a57c178720 JavaThread "Unconstrained build operations Thread 18"        [_thread_blocked, id=16512, stack(0x00000070e4a00000,0x00000070e4b00000) (1024K)]
  0x000001a57c18c9a0 JavaThread "Unconstrained build operations Thread 19"        [_thread_blocked, id=38620, stack(0x00000070e4b00000,0x00000070e4c00000) (1024K)]
  0x000001a57d667280 JavaThread "Unconstrained build operations Thread 20"        [_thread_blocked, id=18696, stack(0x00000070e4c00000,0x00000070e4d00000) (1024K)]
  0x000001a57b0c7050 JavaThread "Periodic tasks thread"      daemon [_thread_blocked, id=32580, stack(0x00000070eaa00000,0x00000070eab00000) (1024K)]
  0x000001a57b0c9120 JavaThread "ApplicationImpl pooled thread 1" daemon [_thread_blocked, id=30116, stack(0x00000070ea800000,0x00000070ea900000) (1024K)]
  0x000001a57d686700 JavaThread "Java2D Disposer"            daemon [_thread_blocked, id=39656, stack(0x00000070eaf00000,0x00000070eb000000) (1024K)]
  0x000001a57d687ab0 JavaThread "AWT-Windows"                daemon [_thread_in_native, id=28372, stack(0x00000070eb200000,0x00000070eb300000) (1024K)]
  0x000001a57ec53140 JavaThread "WorkerExecutor Queue Thread 2"        [_thread_blocked, id=38264, stack(0x00000070eb000000,0x00000070eb100000) (1024K)]
  0x000001a57ec537d0 JavaThread "pool-3-thread-1"                   [_thread_blocked, id=24572, stack(0x00000070e8f00000,0x00000070e9000000) (1024K)]
  0x000001a57edddcd0 JavaThread "C1 CompilerThread2"         daemon [_thread_blocked, id=5480, stack(0x00000070e6000000,0x00000070e6100000) (1024K)]
  0x000001a57ede1a20 JavaThread "C1 CompilerThread3"         daemon [_thread_blocked, id=39500, stack(0x00000070e9000000,0x00000070e9100000) (1024K)]
  0x000001a57edde3a0 JavaThread "JVMCI CompilerThread1"      daemon [_thread_blocked, id=29124, stack(0x00000070e9700000,0x00000070e9800000) (1024K)]
  0x000001a57ede20f0 JavaThread "JVMCI CompilerThread2"      daemon [_thread_blocked, id=39512, stack(0x00000070eb400000,0x00000070eb500000) (1024K)]
  0x000001a547ffc360 JavaThread "JVMCI CompilerThread3"      daemon [_thread_blocked, id=5972, stack(0x00000070eb500000,0x00000070eb600000) (1024K)]
  0x000001a547ffd100 JavaThread "JVMCI CompilerThread4"      daemon [_thread_blocked, id=5200, stack(0x00000070eb600000,0x00000070eb700000) (1024K)]
Total: 84

Other Threads:
=>0x000001a56d2ee3a0 VMThread "VM Thread"                           [id=5388, stack(0x00000070e5400000,0x00000070e5500000) (1024K)]
  0x000001a56d2d4230 WatcherThread "VM Periodic Task Thread"        [id=35716, stack(0x00000070e5300000,0x00000070e5400000) (1024K)]
  0x000001a54cc40de0 WorkerThread "GC Thread#0"                     [id=23032, stack(0x00000070e4e00000,0x00000070e4f00000) (1024K)]
  0x000001a56da75980 WorkerThread "GC Thread#1"                     [id=31572, stack(0x00000070e6100000,0x00000070e6200000) (1024K)]
  0x000001a56da84d70 WorkerThread "GC Thread#2"                     [id=4740, stack(0x00000070e6200000,0x00000070e6300000) (1024K)]
  0x000001a56da85940 WorkerThread "GC Thread#3"                     [id=928, stack(0x00000070e6300000,0x00000070e6400000) (1024K)]
  0x000001a56da85cf0 WorkerThread "GC Thread#4"                     [id=30240, stack(0x00000070e6400000,0x00000070e6500000) (1024K)]
  0x000001a56da868b0 WorkerThread "GC Thread#5"                     [id=29952, stack(0x00000070e6500000,0x00000070e6600000) (1024K)]
  0x000001a56da890b0 WorkerThread "GC Thread#6"                     [id=11440, stack(0x00000070e6600000,0x00000070e6700000) (1024K)]
  0x000001a56da91470 WorkerThread "GC Thread#7"                     [id=37532, stack(0x00000070e6700000,0x00000070e6800000) (1024K)]
  0x000001a56da91a30 WorkerThread "GC Thread#8"                     [id=38072, stack(0x00000070e6800000,0x00000070e6900000) (1024K)]
  0x000001a56da93710 WorkerThread "GC Thread#9"                     [id=35072, stack(0x00000070e6900000,0x00000070e6a00000) (1024K)]
  0x000001a56da92c00 WorkerThread "GC Thread#10"                    [id=31228, stack(0x00000070e6a00000,0x00000070e6b00000) (1024K)]
  0x000001a56da92fb0 WorkerThread "GC Thread#11"                    [id=30536, stack(0x00000070e6b00000,0x00000070e6c00000) (1024K)]
  0x000001a56da93360 WorkerThread "GC Thread#12"                    [id=36944, stack(0x00000070e6c00000,0x00000070e6d00000) (1024K)]
  0x000001a56da93e70 WorkerThread "GC Thread#13"                    [id=16244, stack(0x00000070e6d00000,0x00000070e6e00000) (1024K)]
  0x000001a56da93ac0 WorkerThread "GC Thread#14"                    [id=37224, stack(0x00000070e6e00000,0x00000070e6f00000) (1024K)]
  0x000001a54cc51ce0 ConcurrentGCThread "G1 Main Marker"            [id=25164, stack(0x00000070e4f00000,0x00000070e5000000) (1024K)]
  0x000001a54cc53580 WorkerThread "G1 Conc#0"                       [id=32004, stack(0x00000070e5000000,0x00000070e5100000) (1024K)]
  0x000001a5728ecac0 WorkerThread "G1 Conc#1"                       [id=18576, stack(0x00000070e7100000,0x00000070e7200000) (1024K)]
  0x000001a5728ee0e0 WorkerThread "G1 Conc#2"                       [id=11272, stack(0x00000070e7200000,0x00000070e7300000) (1024K)]
  0x000001a5728ece70 WorkerThread "G1 Conc#3"                       [id=35616, stack(0x00000070e7300000,0x00000070e7400000) (1024K)]
  0x000001a56d186010 ConcurrentGCThread "G1 Refine#0"               [id=38748, stack(0x00000070e5100000,0x00000070e5200000) (1024K)]
  0x000001a56d187c50 ConcurrentGCThread "G1 Service"                [id=26632, stack(0x00000070e5200000,0x00000070e5300000) (1024K)]
Total: 24

Threads with active compile tasks:
JVMCI CompilerThread0  82444 45628   !   4       org.jetbrains.kotlin.metadata.jvm.JvmProtoBuf$StringTableTypes::<init> (495 bytes)
JVMCI CompilerThread1  82444 45619   !   4       org.jetbrains.kotlin.metadata.ProtoBuf$Property::<init> (2088 bytes)
JVMCI CompilerThread3  82444 45624       4       org.jetbrains.org.objectweb.asm.ClassReader::readField (667 bytes)
JVMCI CompilerThread4  82445 45634   !   4       org.jetbrains.kotlin.metadata.ProtoBuf$Package::<init> (656 bytes)
Total: 4

VM state: at safepoint (normal execution)

VM Mutex/Monitor currently owned by a thread:  ([mutex/lock_event])
[0x00007ffb8a01a630] Threads_lock - owner thread: 0x000001a56d2ee3a0
[0x00007ffb8a01a730] Heap_lock - owner thread: 0x000001a547ffc360

Heap address: 0x0000000080000000, size: 2048 MB, Compressed Oops mode: 32-bit

CDS archive(s) mapped at: [0x000001a500000000-0x000001a500c80000-0x000001a500c80000), size 13107200, SharedBaseAddress: 0x000001a500000000, ArchiveRelocationMode: 1.
Compressed class space mapped at: 0x000001a501000000-0x000001a535000000, reserved size: 872415232
Narrow klass base: 0x000001a500000000, Narrow klass shift: 0, Narrow klass range: 0x100000000

GC Precious Log:
 CardTable entry size: 512
 Card Set container configuration: InlinePtr #cards 5 size 8 Array Of Cards #cards 12 size 40 Howl #buckets 4 coarsen threshold 1843 Howl Bitmap #cards 512 size 80 coarsen threshold 460 Card regions per heap region 1 cards per card region 2048
 CPUs: 20 total, 20 available
 Memory: 40589M
 Large Page Support: Disabled
 NUMA Support: Disabled
 Compressed Oops: Enabled (32-bit)
 Heap Region Size: 1M
 Heap Min Capacity: 8M
 Heap Initial Capacity: 636M
 Heap Max Capacity: 2G
 Pre-touch: Disabled
 Parallel Workers: 15
 Concurrent Workers: 4
 Concurrent Refinement Workers: 15
 Periodic GC: Disabled

Heap:
 garbage-first heap   total 692224K, used 420840K [0x0000000080000000, 0x0000000100000000)
  region size 1024K, 30 young (30720K), 30 survivors (30720K)
 Metaspace       used 220871K, committed 223616K, reserved 1048576K
  class space    used 27791K, committed 29120K, reserved 851968K

Heap Regions: E=young(eden), S=young(survivor), O=old, HS=humongous(starts), HC=humongous(continues), CS=collection set, F=free, TAMS=top-at-mark-start, PB=parsable bottom
|   0|0x0000000080000000, 0x0000000080100000, 0x0000000080100000|100%|HS|  |TAMS 0x0000000080000000| PB 0x0000000080000000| Complete 
|   1|0x0000000080100000, 0x0000000080200000, 0x0000000080200000|100%|HC|  |TAMS 0x0000000080100000| PB 0x0000000080100000| Complete 
|   2|0x0000000080200000, 0x0000000080300000, 0x0000000080300000|100%|HC|  |TAMS 0x0000000080200000| PB 0x0000000080200000| Complete 
|   3|0x0000000080300000, 0x0000000080400000, 0x0000000080400000|100%|HC|  |TAMS 0x0000000080300000| PB 0x0000000080300000| Complete 
|   4|0x0000000080400000, 0x0000000080500000, 0x0000000080500000|100%| O|  |TAMS 0x0000000080400000| PB 0x0000000080400000| Untracked 
|   5|0x0000000080500000, 0x0000000080600000, 0x0000000080600000|100%| O|  |TAMS 0x0000000080500000| PB 0x0000000080500000| Untracked 
|   6|0x0000000080600000, 0x0000000080700000, 0x0000000080700000|100%| O|  |TAMS 0x0000000080600000| PB 0x0000000080600000| Untracked 
|   7|0x0000000080700000, 0x0000000080800000, 0x0000000080800000|100%| O|  |TAMS 0x0000000080700000| PB 0x0000000080700000| Untracked 
|   8|0x0000000080800000, 0x0000000080900000, 0x0000000080900000|100%| O|  |TAMS 0x0000000080800000| PB 0x0000000080800000| Untracked 
|   9|0x0000000080900000, 0x0000000080a00000, 0x0000000080a00000|100%| O|  |TAMS 0x0000000080900000| PB 0x0000000080900000| Untracked 
|  10|0x0000000080a00000, 0x0000000080b00000, 0x0000000080b00000|100%| O|  |TAMS 0x0000000080a00000| PB 0x0000000080a00000| Untracked 
|  11|0x0000000080b00000, 0x0000000080c00000, 0x0000000080c00000|100%|HS|  |TAMS 0x0000000080b00000| PB 0x0000000080b00000| Complete 
|  12|0x0000000080c00000, 0x0000000080d00000, 0x0000000080d00000|100%| O|  |TAMS 0x0000000080c00000| PB 0x0000000080c00000| Untracked 
|  13|0x0000000080d00000, 0x0000000080e00000, 0x0000000080e00000|100%| O|  |TAMS 0x0000000080d00000| PB 0x0000000080d00000| Untracked 
|  14|0x0000000080e00000, 0x0000000080f00000, 0x0000000080f00000|100%| O|  |TAMS 0x0000000080e00000| PB 0x0000000080e00000| Untracked 
|  15|0x0000000080f00000, 0x0000000081000000, 0x0000000081000000|100%| O|  |TAMS 0x0000000080f00000| PB 0x0000000080f00000| Untracked 
|  16|0x0000000081000000, 0x0000000081100000, 0x0000000081100000|100%| O|  |TAMS 0x0000000081000000| PB 0x0000000081000000| Untracked 
|  17|0x0000000081100000, 0x0000000081200000, 0x0000000081200000|100%| O|  |TAMS 0x0000000081100000| PB 0x0000000081100000| Untracked 
|  18|0x0000000081200000, 0x0000000081300000, 0x0000000081300000|100%| O|  |TAMS 0x0000000081200000| PB 0x0000000081200000| Untracked 
|  19|0x0000000081300000, 0x0000000081400000, 0x0000000081400000|100%| O|  |TAMS 0x0000000081300000| PB 0x0000000081300000| Untracked 
|  20|0x0000000081400000, 0x0000000081500000, 0x0000000081500000|100%| O|  |TAMS 0x0000000081400000| PB 0x0000000081400000| Untracked 
|  21|0x0000000081500000, 0x0000000081600000, 0x0000000081600000|100%| O|  |TAMS 0x0000000081500000| PB 0x0000000081500000| Untracked 
|  22|0x0000000081600000, 0x0000000081700000, 0x0000000081700000|100%| O|  |TAMS 0x0000000081600000| PB 0x0000000081600000| Untracked 
|  23|0x0000000081700000, 0x0000000081800000, 0x0000000081800000|100%| O|  |TAMS 0x0000000081700000| PB 0x0000000081700000| Untracked 
|  24|0x0000000081800000, 0x0000000081900000, 0x0000000081900000|100%| O|  |TAMS 0x0000000081800000| PB 0x0000000081800000| Untracked 
|  25|0x0000000081900000, 0x0000000081a00000, 0x0000000081a00000|100%| O|  |TAMS 0x0000000081900000| PB 0x0000000081900000| Untracked 
|  26|0x0000000081a00000, 0x0000000081b00000, 0x0000000081b00000|100%| O|  |TAMS 0x0000000081a00000| PB 0x0000000081a00000| Untracked 
|  27|0x0000000081b00000, 0x0000000081c00000, 0x0000000081c00000|100%| O|  |TAMS 0x0000000081b00000| PB 0x0000000081b00000| Untracked 
|  28|0x0000000081c00000, 0x0000000081d00000, 0x0000000081d00000|100%| O|  |TAMS 0x0000000081c00000| PB 0x0000000081c00000| Untracked 
|  29|0x0000000081d00000, 0x0000000081e00000, 0x0000000081e00000|100%| O|  |TAMS 0x0000000081d00000| PB 0x0000000081d00000| Untracked 
|  30|0x0000000081e00000, 0x0000000081f00000, 0x0000000081f00000|100%| O|  |TAMS 0x0000000081e00000| PB 0x0000000081e00000| Untracked 
|  31|0x0000000081f00000, 0x0000000082000000, 0x0000000082000000|100%| O|  |TAMS 0x0000000081f00000| PB 0x0000000081f00000| Untracked 
|  32|0x0000000082000000, 0x0000000082100000, 0x0000000082100000|100%| O|  |TAMS 0x0000000082000000| PB 0x0000000082000000| Untracked 
|  33|0x0000000082100000, 0x0000000082200000, 0x0000000082200000|100%| O|  |TAMS 0x0000000082100000| PB 0x0000000082100000| Untracked 
|  34|0x0000000082200000, 0x0000000082300000, 0x0000000082300000|100%| O|  |TAMS 0x0000000082200000| PB 0x0000000082200000| Untracked 
|  35|0x0000000082300000, 0x0000000082400000, 0x0000000082400000|100%| O|  |TAMS 0x0000000082300000| PB 0x0000000082300000| Untracked 
|  36|0x0000000082400000, 0x0000000082500000, 0x0000000082500000|100%| O|  |TAMS 0x0000000082400000| PB 0x0000000082400000| Untracked 
|  37|0x0000000082500000, 0x0000000082600000, 0x0000000082600000|100%| O|  |TAMS 0x0000000082500000| PB 0x0000000082500000| Untracked 
|  38|0x0000000082600000, 0x0000000082700000, 0x0000000082700000|100%| O|  |TAMS 0x0000000082600000| PB 0x0000000082600000| Untracked 
|  39|0x0000000082700000, 0x0000000082800000, 0x0000000082800000|100%| O|  |TAMS 0x0000000082700000| PB 0x0000000082700000| Untracked 
|  40|0x0000000082800000, 0x0000000082900000, 0x0000000082900000|100%| O|  |TAMS 0x0000000082800000| PB 0x0000000082800000| Untracked 
|  41|0x0000000082900000, 0x0000000082a00000, 0x0000000082a00000|100%|HS|  |TAMS 0x0000000082900000| PB 0x0000000082900000| Complete 
|  42|0x0000000082a00000, 0x0000000082b00000, 0x0000000082b00000|100%|HS|  |TAMS 0x0000000082a00000| PB 0x0000000082a00000| Complete 
|  43|0x0000000082b00000, 0x0000000082c00000, 0x0000000082c00000|100%|HS|  |TAMS 0x0000000082b00000| PB 0x0000000082b00000| Complete 
|  44|0x0000000082c00000, 0x0000000082d00000, 0x0000000082d00000|100%|HC|  |TAMS 0x0000000082c00000| PB 0x0000000082c00000| Complete 
|  45|0x0000000082d00000, 0x0000000082e00000, 0x0000000082e00000|100%|HS|  |TAMS 0x0000000082d00000| PB 0x0000000082d00000| Complete 
|  46|0x0000000082e00000, 0x0000000082f00000, 0x0000000082f00000|100%| O|  |TAMS 0x0000000082e00000| PB 0x0000000082e00000| Untracked 
|  47|0x0000000082f00000, 0x0000000083000000, 0x0000000083000000|100%| O|  |TAMS 0x0000000082f00000| PB 0x0000000082f00000| Untracked 
|  48|0x0000000083000000, 0x0000000083100000, 0x0000000083100000|100%|HS|  |TAMS 0x0000000083000000| PB 0x0000000083000000| Complete 
|  49|0x0000000083100000, 0x0000000083200000, 0x0000000083200000|100%| O|  |TAMS 0x0000000083100000| PB 0x0000000083100000| Untracked 
|  50|0x0000000083200000, 0x0000000083300000, 0x0000000083300000|100%|HS|  |TAMS 0x0000000083200000| PB 0x0000000083200000| Complete 
|  51|0x0000000083300000, 0x0000000083400000, 0x0000000083400000|100%|HS|  |TAMS 0x0000000083300000| PB 0x0000000083300000| Complete 
|  52|0x0000000083400000, 0x0000000083500000, 0x0000000083500000|100%| O|  |TAMS 0x0000000083400000| PB 0x0000000083400000| Untracked 
|  53|0x0000000083500000, 0x0000000083600000, 0x0000000083600000|100%| O|  |TAMS 0x0000000083500000| PB 0x0000000083500000| Untracked 
|  54|0x0000000083600000, 0x0000000083700000, 0x0000000083700000|100%| O|  |TAMS 0x0000000083600000| PB 0x0000000083600000| Untracked 
|  55|0x0000000083700000, 0x0000000083800000, 0x0000000083800000|100%| O|  |TAMS 0x0000000083700000| PB 0x0000000083700000| Untracked 
|  56|0x0000000083800000, 0x0000000083900000, 0x0000000083900000|100%| O|  |TAMS 0x0000000083800000| PB 0x0000000083800000| Untracked 
|  57|0x0000000083900000, 0x0000000083a00000, 0x0000000083a00000|100%| O|  |TAMS 0x0000000083900000| PB 0x0000000083900000| Untracked 
|  58|0x0000000083a00000, 0x0000000083b00000, 0x0000000083b00000|100%| O|  |TAMS 0x0000000083a00000| PB 0x0000000083a00000| Untracked 
|  59|0x0000000083b00000, 0x0000000083c00000, 0x0000000083c00000|100%| O|  |TAMS 0x0000000083b00000| PB 0x0000000083b00000| Untracked 
|  60|0x0000000083c00000, 0x0000000083d00000, 0x0000000083d00000|100%| O|  |TAMS 0x0000000083c00000| PB 0x0000000083c00000| Untracked 
|  61|0x0000000083d00000, 0x0000000083e00000, 0x0000000083e00000|100%|HS|  |TAMS 0x0000000083d00000| PB 0x0000000083d00000| Complete 
|  62|0x0000000083e00000, 0x0000000083f00000, 0x0000000083f00000|100%|HC|  |TAMS 0x0000000083e00000| PB 0x0000000083e00000| Complete 
|  63|0x0000000083f00000, 0x0000000084000000, 0x0000000084000000|100%| O|  |TAMS 0x0000000083f00000| PB 0x0000000083f00000| Untracked 
|  64|0x0000000084000000, 0x0000000084100000, 0x0000000084100000|100%| O|  |TAMS 0x0000000084000000| PB 0x0000000084000000| Untracked 
|  65|0x0000000084100000, 0x0000000084200000, 0x0000000084200000|100%| O|  |TAMS 0x0000000084100000| PB 0x0000000084100000| Untracked 
|  66|0x0000000084200000, 0x0000000084300000, 0x0000000084300000|100%| O|  |TAMS 0x0000000084200000| PB 0x0000000084200000| Untracked 
|  67|0x0000000084300000, 0x0000000084400000, 0x0000000084400000|100%| O|  |TAMS 0x0000000084300000| PB 0x0000000084300000| Untracked 
|  68|0x0000000084400000, 0x0000000084500000, 0x0000000084500000|100%| O|  |TAMS 0x0000000084400000| PB 0x0000000084400000| Untracked 
|  69|0x0000000084500000, 0x0000000084600000, 0x0000000084600000|100%| O|  |TAMS 0x0000000084500000| PB 0x0000000084500000| Untracked 
|  70|0x0000000084600000, 0x0000000084700000, 0x0000000084700000|100%| O|  |TAMS 0x0000000084600000| PB 0x0000000084600000| Untracked 
|  71|0x0000000084700000, 0x0000000084800000, 0x0000000084800000|100%| O|  |TAMS 0x0000000084700000| PB 0x0000000084700000| Untracked 
|  72|0x0000000084800000, 0x0000000084900000, 0x0000000084900000|100%| O|  |TAMS 0x0000000084800000| PB 0x0000000084800000| Untracked 
|  73|0x0000000084900000, 0x0000000084a00000, 0x0000000084a00000|100%|HS|  |TAMS 0x0000000084900000| PB 0x0000000084900000| Complete 
|  74|0x0000000084a00000, 0x0000000084b00000, 0x0000000084b00000|100%| O|  |TAMS 0x0000000084a00000| PB 0x0000000084a00000| Untracked 
|  75|0x0000000084b00000, 0x0000000084c00000, 0x0000000084c00000|100%| O|  |TAMS 0x0000000084b00000| PB 0x0000000084b00000| Untracked 
|  76|0x0000000084c00000, 0x0000000084d00000, 0x0000000084d00000|100%| O|  |TAMS 0x0000000084c00000| PB 0x0000000084c00000| Untracked 
|  77|0x0000000084d00000, 0x0000000084e00000, 0x0000000084e00000|100%| O|  |TAMS 0x0000000084d00000| PB 0x0000000084d00000| Untracked 
|  78|0x0000000084e00000, 0x0000000084f00000, 0x0000000084f00000|100%| O|  |TAMS 0x0000000084e00000| PB 0x0000000084e00000| Untracked 
|  79|0x0000000084f00000, 0x0000000085000000, 0x0000000085000000|100%| O|  |TAMS 0x0000000084f00000| PB 0x0000000084f00000| Untracked 
|  80|0x0000000085000000, 0x0000000085100000, 0x0000000085100000|100%| O|  |TAMS 0x0000000085000000| PB 0x0000000085000000| Untracked 
|  81|0x0000000085100000, 0x0000000085200000, 0x0000000085200000|100%| O|  |TAMS 0x0000000085100000| PB 0x0000000085100000| Untracked 
|  82|0x0000000085200000, 0x0000000085300000, 0x0000000085300000|100%| O|  |TAMS 0x0000000085200000| PB 0x0000000085200000| Untracked 
|  83|0x0000000085300000, 0x0000000085400000, 0x0000000085400000|100%| O|  |TAMS 0x0000000085300000| PB 0x0000000085300000| Untracked 
|  84|0x0000000085400000, 0x0000000085500000, 0x0000000085500000|100%| O|  |TAMS 0x0000000085400000| PB 0x0000000085400000| Untracked 
|  85|0x0000000085500000, 0x0000000085600000, 0x0000000085600000|100%| O|  |TAMS 0x0000000085500000| PB 0x0000000085500000| Untracked 
|  86|0x0000000085600000, 0x0000000085700000, 0x0000000085700000|100%| O|  |TAMS 0x0000000085600000| PB 0x0000000085600000| Untracked 
|  87|0x0000000085700000, 0x0000000085800000, 0x0000000085800000|100%| O|  |TAMS 0x0000000085700000| PB 0x0000000085700000| Untracked 
|  88|0x0000000085800000, 0x0000000085900000, 0x0000000085900000|100%| O|  |TAMS 0x0000000085800000| PB 0x0000000085800000| Untracked 
|  89|0x0000000085900000, 0x0000000085a00000, 0x0000000085a00000|100%| O|  |TAMS 0x0000000085900000| PB 0x0000000085900000| Untracked 
|  90|0x0000000085a00000, 0x0000000085b00000, 0x0000000085b00000|100%| O|  |TAMS 0x0000000085a00000| PB 0x0000000085a00000| Untracked 
|  91|0x0000000085b00000, 0x0000000085c00000, 0x0000000085c00000|100%| O|  |TAMS 0x0000000085b00000| PB 0x0000000085b00000| Untracked 
|  92|0x0000000085c00000, 0x0000000085d00000, 0x0000000085d00000|100%| O|  |TAMS 0x0000000085c00000| PB 0x0000000085c00000| Untracked 
|  93|0x0000000085d00000, 0x0000000085e00000, 0x0000000085e00000|100%| O|  |TAMS 0x0000000085d00000| PB 0x0000000085d00000| Untracked 
|  94|0x0000000085e00000, 0x0000000085f00000, 0x0000000085f00000|100%| O|  |TAMS 0x0000000085e00000| PB 0x0000000085e00000| Untracked 
|  95|0x0000000085f00000, 0x0000000086000000, 0x0000000086000000|100%|HS|  |TAMS 0x0000000085f00000| PB 0x0000000085f00000| Complete 
|  96|0x0000000086000000, 0x0000000086100000, 0x0000000086100000|100%|HC|  |TAMS 0x0000000086000000| PB 0x0000000086000000| Complete 
|  97|0x0000000086100000, 0x0000000086200000, 0x0000000086200000|100%|HC|  |TAMS 0x0000000086100000| PB 0x0000000086100000| Complete 
|  98|0x0000000086200000, 0x0000000086300000, 0x0000000086300000|100%|HC|  |TAMS 0x0000000086200000| PB 0x0000000086200000| Complete 
|  99|0x0000000086300000, 0x0000000086400000, 0x0000000086400000|100%| O|  |TAMS 0x0000000086300000| PB 0x0000000086300000| Untracked 
| 100|0x0000000086400000, 0x0000000086500000, 0x0000000086500000|100%| O|  |TAMS 0x0000000086400000| PB 0x0000000086400000| Untracked 
| 101|0x0000000086500000, 0x0000000086600000, 0x0000000086600000|100%| O|  |TAMS 0x0000000086500000| PB 0x0000000086500000| Untracked 
| 102|0x0000000086600000, 0x0000000086700000, 0x0000000086700000|100%|HS|  |TAMS 0x0000000086600000| PB 0x0000000086600000| Complete 
| 103|0x0000000086700000, 0x0000000086800000, 0x0000000086800000|100%| O|  |TAMS 0x0000000086700000| PB 0x0000000086700000| Untracked 
| 104|0x0000000086800000, 0x0000000086900000, 0x0000000086900000|100%| O|  |TAMS 0x0000000086800000| PB 0x0000000086800000| Untracked 
| 105|0x0000000086900000, 0x0000000086a00000, 0x0000000086a00000|100%| O|  |TAMS 0x0000000086900000| PB 0x0000000086900000| Untracked 
| 106|0x0000000086a00000, 0x0000000086b00000, 0x0000000086b00000|100%| O|  |TAMS 0x0000000086a00000| PB 0x0000000086a00000| Untracked 
| 107|0x0000000086b00000, 0x0000000086c00000, 0x0000000086c00000|100%| O|  |TAMS 0x0000000086b00000| PB 0x0000000086b00000| Untracked 
| 108|0x0000000086c00000, 0x0000000086d00000, 0x0000000086d00000|100%| O|  |TAMS 0x0000000086c00000| PB 0x0000000086c00000| Untracked 
| 109|0x0000000086d00000, 0x0000000086e00000, 0x0000000086e00000|100%| O|  |TAMS 0x0000000086d00000| PB 0x0000000086d00000| Untracked 
| 110|0x0000000086e00000, 0x0000000086f00000, 0x0000000086f00000|100%| O|  |TAMS 0x0000000086e00000| PB 0x0000000086e00000| Untracked 
| 111|0x0000000086f00000, 0x0000000087000000, 0x0000000087000000|100%| O|  |TAMS 0x0000000086f00000| PB 0x0000000086f00000| Untracked 
| 112|0x0000000087000000, 0x0000000087100000, 0x0000000087100000|100%| O|  |TAMS 0x0000000087000000| PB 0x0000000087000000| Untracked 
| 113|0x0000000087100000, 0x0000000087200000, 0x0000000087200000|100%| O|  |TAMS 0x0000000087100000| PB 0x0000000087100000| Untracked 
| 114|0x0000000087200000, 0x0000000087300000, 0x0000000087300000|100%| O|  |TAMS 0x0000000087200000| PB 0x0000000087200000| Untracked 
| 115|0x0000000087300000, 0x0000000087400000, 0x0000000087400000|100%| O|  |TAMS 0x0000000087300000| PB 0x0000000087300000| Untracked 
| 116|0x0000000087400000, 0x0000000087500000, 0x0000000087500000|100%| O|  |TAMS 0x0000000087400000| PB 0x0000000087400000| Untracked 
| 117|0x0000000087500000, 0x0000000087600000, 0x0000000087600000|100%| O|  |TAMS 0x0000000087500000| PB 0x0000000087500000| Untracked 
| 118|0x0000000087600000, 0x0000000087700000, 0x0000000087700000|100%| O|  |TAMS 0x0000000087600000| PB 0x0000000087600000| Untracked 
| 119|0x0000000087700000, 0x0000000087800000, 0x0000000087800000|100%| O|  |TAMS 0x0000000087700000| PB 0x0000000087700000| Untracked 
| 120|0x0000000087800000, 0x0000000087900000, 0x0000000087900000|100%| O|  |TAMS 0x0000000087800000| PB 0x0000000087800000| Untracked 
| 121|0x0000000087900000, 0x0000000087a00000, 0x0000000087a00000|100%| O|  |TAMS 0x0000000087900000| PB 0x0000000087900000| Untracked 
| 122|0x0000000087a00000, 0x0000000087b00000, 0x0000000087b00000|100%| O|  |TAMS 0x0000000087a00000| PB 0x0000000087a00000| Untracked 
| 123|0x0000000087b00000, 0x0000000087c00000, 0x0000000087c00000|100%| O|  |TAMS 0x0000000087b00000| PB 0x0000000087b00000| Untracked 
| 124|0x0000000087c00000, 0x0000000087d00000, 0x0000000087d00000|100%| O|  |TAMS 0x0000000087c00000| PB 0x0000000087c00000| Untracked 
| 125|0x0000000087d00000, 0x0000000087e00000, 0x0000000087e00000|100%| O|  |TAMS 0x0000000087d00000| PB 0x0000000087d00000| Untracked 
| 126|0x0000000087e00000, 0x0000000087f00000, 0x0000000087f00000|100%| O|  |TAMS 0x0000000087e00000| PB 0x0000000087e00000| Untracked 
| 127|0x0000000087f00000, 0x0000000088000000, 0x0000000088000000|100%| O|  |TAMS 0x0000000087f00000| PB 0x0000000087f00000| Untracked 
| 128|0x0000000088000000, 0x0000000088100000, 0x0000000088100000|100%| O|  |TAMS 0x0000000088000000| PB 0x0000000088000000| Untracked 
| 129|0x0000000088100000, 0x0000000088200000, 0x0000000088200000|100%| O|  |TAMS 0x0000000088100000| PB 0x0000000088100000| Untracked 
| 130|0x0000000088200000, 0x0000000088300000, 0x0000000088300000|100%| O|  |TAMS 0x0000000088200000| PB 0x0000000088200000| Untracked 
| 131|0x0000000088300000, 0x0000000088400000, 0x0000000088400000|100%| O|  |TAMS 0x0000000088300000| PB 0x0000000088300000| Untracked 
| 132|0x0000000088400000, 0x0000000088500000, 0x0000000088500000|100%| O|  |TAMS 0x0000000088400000| PB 0x0000000088400000| Untracked 
| 133|0x0000000088500000, 0x0000000088600000, 0x0000000088600000|100%| O|  |TAMS 0x0000000088500000| PB 0x0000000088500000| Untracked 
| 134|0x0000000088600000, 0x0000000088700000, 0x0000000088700000|100%| O|  |TAMS 0x0000000088600000| PB 0x0000000088600000| Untracked 
| 135|0x0000000088700000, 0x0000000088800000, 0x0000000088800000|100%| O|  |TAMS 0x0000000088700000| PB 0x0000000088700000| Untracked 
| 136|0x0000000088800000, 0x0000000088900000, 0x0000000088900000|100%| O|  |TAMS 0x0000000088800000| PB 0x0000000088800000| Untracked 
| 137|0x0000000088900000, 0x0000000088a00000, 0x0000000088a00000|100%| O|  |TAMS 0x0000000088900000| PB 0x0000000088900000| Untracked 
| 138|0x0000000088a00000, 0x0000000088b00000, 0x0000000088b00000|100%| O|  |TAMS 0x0000000088a00000| PB 0x0000000088a00000| Untracked 
| 139|0x0000000088b00000, 0x0000000088c00000, 0x0000000088c00000|100%| O|  |TAMS 0x0000000088b00000| PB 0x0000000088b00000| Untracked 
| 140|0x0000000088c00000, 0x0000000088d00000, 0x0000000088d00000|100%| O|  |TAMS 0x0000000088c00000| PB 0x0000000088c00000| Untracked 
| 141|0x0000000088d00000, 0x0000000088e00000, 0x0000000088e00000|100%| O|  |TAMS 0x0000000088d00000| PB 0x0000000088d00000| Untracked 
| 142|0x0000000088e00000, 0x0000000088f00000, 0x0000000088f00000|100%| O|  |TAMS 0x0000000088e00000| PB 0x0000000088e00000| Untracked 
| 143|0x0000000088f00000, 0x0000000089000000, 0x0000000089000000|100%| O|  |TAMS 0x0000000088f00000| PB 0x0000000088f00000| Untracked 
| 144|0x0000000089000000, 0x0000000089100000, 0x0000000089100000|100%| O|  |TAMS 0x0000000089000000| PB 0x0000000089000000| Untracked 
| 145|0x0000000089100000, 0x0000000089200000, 0x0000000089200000|100%| O|  |TAMS 0x0000000089100000| PB 0x0000000089100000| Untracked 
| 146|0x0000000089200000, 0x0000000089300000, 0x0000000089300000|100%| O|  |TAMS 0x0000000089200000| PB 0x0000000089200000| Untracked 
| 147|0x0000000089300000, 0x0000000089400000, 0x0000000089400000|100%| O|  |TAMS 0x0000000089300000| PB 0x0000000089300000| Untracked 
| 148|0x0000000089400000, 0x0000000089500000, 0x0000000089500000|100%| O|  |TAMS 0x0000000089400000| PB 0x0000000089400000| Untracked 
| 149|0x0000000089500000, 0x0000000089600000, 0x0000000089600000|100%| O|  |TAMS 0x0000000089500000| PB 0x0000000089500000| Untracked 
| 150|0x0000000089600000, 0x0000000089700000, 0x0000000089700000|100%| O|  |TAMS 0x0000000089600000| PB 0x0000000089600000| Untracked 
| 151|0x0000000089700000, 0x0000000089800000, 0x0000000089800000|100%| O|  |TAMS 0x0000000089700000| PB 0x0000000089700000| Untracked 
| 152|0x0000000089800000, 0x0000000089900000, 0x0000000089900000|100%| O|  |TAMS 0x0000000089800000| PB 0x0000000089800000| Untracked 
| 153|0x0000000089900000, 0x0000000089a00000, 0x0000000089a00000|100%| O|  |TAMS 0x0000000089900000| PB 0x0000000089900000| Untracked 
| 154|0x0000000089a00000, 0x0000000089b00000, 0x0000000089b00000|100%| O|  |TAMS 0x0000000089a00000| PB 0x0000000089a00000| Untracked 
| 155|0x0000000089b00000, 0x0000000089c00000, 0x0000000089c00000|100%| O|  |TAMS 0x0000000089b00000| PB 0x0000000089b00000| Untracked 
| 156|0x0000000089c00000, 0x0000000089d00000, 0x0000000089d00000|100%| O|  |TAMS 0x0000000089c00000| PB 0x0000000089c00000| Untracked 
| 157|0x0000000089d00000, 0x0000000089e00000, 0x0000000089e00000|100%| O|  |TAMS 0x0000000089d00000| PB 0x0000000089d00000| Untracked 
| 158|0x0000000089e00000, 0x0000000089f00000, 0x0000000089f00000|100%| O|  |TAMS 0x0000000089e00000| PB 0x0000000089e00000| Untracked 
| 159|0x0000000089f00000, 0x000000008a000000, 0x000000008a000000|100%| O|  |TAMS 0x0000000089f00000| PB 0x0000000089f00000| Untracked 
| 160|0x000000008a000000, 0x000000008a100000, 0x000000008a100000|100%| O|  |TAMS 0x000000008a000000| PB 0x000000008a000000| Untracked 
| 161|0x000000008a100000, 0x000000008a200000, 0x000000008a200000|100%| O|  |TAMS 0x000000008a100000| PB 0x000000008a100000| Untracked 
| 162|0x000000008a200000, 0x000000008a300000, 0x000000008a300000|100%| O|  |TAMS 0x000000008a200000| PB 0x000000008a200000| Untracked 
| 163|0x000000008a300000, 0x000000008a400000, 0x000000008a400000|100%| O|  |TAMS 0x000000008a300000| PB 0x000000008a300000| Untracked 
| 164|0x000000008a400000, 0x000000008a500000, 0x000000008a500000|100%| O|  |TAMS 0x000000008a400000| PB 0x000000008a400000| Untracked 
| 165|0x000000008a500000, 0x000000008a600000, 0x000000008a600000|100%| O|  |TAMS 0x000000008a500000| PB 0x000000008a500000| Untracked 
| 166|0x000000008a600000, 0x000000008a700000, 0x000000008a700000|100%| O|  |TAMS 0x000000008a600000| PB 0x000000008a600000| Untracked 
| 167|0x000000008a700000, 0x000000008a800000, 0x000000008a800000|100%| O|  |TAMS 0x000000008a700000| PB 0x000000008a700000| Untracked 
| 168|0x000000008a800000, 0x000000008a900000, 0x000000008a900000|100%| O|  |TAMS 0x000000008a800000| PB 0x000000008a800000| Untracked 
| 169|0x000000008a900000, 0x000000008aa00000, 0x000000008aa00000|100%| O|  |TAMS 0x000000008a900000| PB 0x000000008a900000| Untracked 
| 170|0x000000008aa00000, 0x000000008ab00000, 0x000000008ab00000|100%| O|  |TAMS 0x000000008aa00000| PB 0x000000008aa00000| Untracked 
| 171|0x000000008ab00000, 0x000000008ac00000, 0x000000008ac00000|100%| O|  |TAMS 0x000000008ab00000| PB 0x000000008ab00000| Untracked 
| 172|0x000000008ac00000, 0x000000008ad00000, 0x000000008ad00000|100%| O|  |TAMS 0x000000008ac00000| PB 0x000000008ac00000| Untracked 
| 173|0x000000008ad00000, 0x000000008ae00000, 0x000000008ae00000|100%| O|  |TAMS 0x000000008ad00000| PB 0x000000008ad00000| Untracked 
| 174|0x000000008ae00000, 0x000000008af00000, 0x000000008af00000|100%| O|  |TAMS 0x000000008ae00000| PB 0x000000008ae00000| Untracked 
| 175|0x000000008af00000, 0x000000008b000000, 0x000000008b000000|100%| O|  |TAMS 0x000000008af00000| PB 0x000000008af00000| Untracked 
| 176|0x000000008b000000, 0x000000008b100000, 0x000000008b100000|100%| O|  |TAMS 0x000000008b000000| PB 0x000000008b000000| Untracked 
| 177|0x000000008b100000, 0x000000008b200000, 0x000000008b200000|100%| O|  |TAMS 0x000000008b100000| PB 0x000000008b100000| Untracked 
| 178|0x000000008b200000, 0x000000008b300000, 0x000000008b300000|100%| O|  |TAMS 0x000000008b200000| PB 0x000000008b200000| Untracked 
| 179|0x000000008b300000, 0x000000008b400000, 0x000000008b400000|100%| O|  |TAMS 0x000000008b300000| PB 0x000000008b300000| Untracked 
| 180|0x000000008b400000, 0x000000008b500000, 0x000000008b500000|100%| O|  |TAMS 0x000000008b400000| PB 0x000000008b400000| Untracked 
| 181|0x000000008b500000, 0x000000008b600000, 0x000000008b600000|100%| O|  |TAMS 0x000000008b500000| PB 0x000000008b500000| Untracked 
| 182|0x000000008b600000, 0x000000008b700000, 0x000000008b700000|100%| O|  |TAMS 0x000000008b600000| PB 0x000000008b600000| Untracked 
| 183|0x000000008b700000, 0x000000008b800000, 0x000000008b800000|100%| O|  |TAMS 0x000000008b700000| PB 0x000000008b700000| Untracked 
| 184|0x000000008b800000, 0x000000008b900000, 0x000000008b900000|100%| O|  |TAMS 0x000000008b800000| PB 0x000000008b800000| Untracked 
| 185|0x000000008b900000, 0x000000008ba00000, 0x000000008ba00000|100%| O|  |TAMS 0x000000008b900000| PB 0x000000008b900000| Untracked 
| 186|0x000000008ba00000, 0x000000008bb00000, 0x000000008bb00000|100%| O|  |TAMS 0x000000008ba00000| PB 0x000000008ba00000| Untracked 
| 187|0x000000008bb00000, 0x000000008bc00000, 0x000000008bc00000|100%| O|  |TAMS 0x000000008bb00000| PB 0x000000008bb00000| Untracked 
| 188|0x000000008bc00000, 0x000000008bd00000, 0x000000008bd00000|100%| O|  |TAMS 0x000000008bc00000| PB 0x000000008bc00000| Untracked 
| 189|0x000000008bd00000, 0x000000008be00000, 0x000000008be00000|100%| O|  |TAMS 0x000000008bd00000| PB 0x000000008bd00000| Untracked 
| 190|0x000000008be00000, 0x000000008bf00000, 0x000000008bf00000|100%| O|  |TAMS 0x000000008be00000| PB 0x000000008be00000| Untracked 
| 191|0x000000008bf00000, 0x000000008c000000, 0x000000008c000000|100%| O|  |TAMS 0x000000008bf00000| PB 0x000000008bf00000| Untracked 
| 192|0x000000008c000000, 0x000000008c100000, 0x000000008c100000|100%| O|  |TAMS 0x000000008c000000| PB 0x000000008c000000| Untracked 
| 193|0x000000008c100000, 0x000000008c200000, 0x000000008c200000|100%| O|  |TAMS 0x000000008c100000| PB 0x000000008c100000| Untracked 
| 194|0x000000008c200000, 0x000000008c300000, 0x000000008c300000|100%| O|  |TAMS 0x000000008c200000| PB 0x000000008c200000| Untracked 
| 195|0x000000008c300000, 0x000000008c400000, 0x000000008c400000|100%| O|  |TAMS 0x000000008c300000| PB 0x000000008c300000| Untracked 
| 196|0x000000008c400000, 0x000000008c500000, 0x000000008c500000|100%| O|  |TAMS 0x000000008c400000| PB 0x000000008c400000| Untracked 
| 197|0x000000008c500000, 0x000000008c600000, 0x000000008c600000|100%| O|  |TAMS 0x000000008c500000| PB 0x000000008c500000| Untracked 
| 198|0x000000008c600000, 0x000000008c700000, 0x000000008c700000|100%| O|  |TAMS 0x000000008c600000| PB 0x000000008c600000| Untracked 
| 199|0x000000008c700000, 0x000000008c800000, 0x000000008c800000|100%| O|  |TAMS 0x000000008c700000| PB 0x000000008c700000| Untracked 
| 200|0x000000008c800000, 0x000000008c900000, 0x000000008c900000|100%| O|  |TAMS 0x000000008c800000| PB 0x000000008c800000| Untracked 
| 201|0x000000008c900000, 0x000000008ca00000, 0x000000008ca00000|100%| O|  |TAMS 0x000000008c900000| PB 0x000000008c900000| Untracked 
| 202|0x000000008ca00000, 0x000000008cb00000, 0x000000008cb00000|100%| O|  |TAMS 0x000000008ca00000| PB 0x000000008ca00000| Untracked 
| 203|0x000000008cb00000, 0x000000008cc00000, 0x000000008cc00000|100%| O|  |TAMS 0x000000008cb00000| PB 0x000000008cb00000| Untracked 
| 204|0x000000008cc00000, 0x000000008cd00000, 0x000000008cd00000|100%| O|  |TAMS 0x000000008cc00000| PB 0x000000008cc00000| Untracked 
| 205|0x000000008cd00000, 0x000000008ce00000, 0x000000008ce00000|100%| O|  |TAMS 0x000000008cd00000| PB 0x000000008cd00000| Untracked 
| 206|0x000000008ce00000, 0x000000008cf00000, 0x000000008cf00000|100%| O|  |TAMS 0x000000008ce00000| PB 0x000000008ce00000| Untracked 
| 207|0x000000008cf00000, 0x000000008d000000, 0x000000008d000000|100%| O|  |TAMS 0x000000008cf00000| PB 0x000000008cf00000| Untracked 
| 208|0x000000008d000000, 0x000000008d100000, 0x000000008d100000|100%| O|  |TAMS 0x000000008d000000| PB 0x000000008d000000| Untracked 
| 209|0x000000008d100000, 0x000000008d200000, 0x000000008d200000|100%| O|  |TAMS 0x000000008d100000| PB 0x000000008d100000| Untracked 
| 210|0x000000008d200000, 0x000000008d300000, 0x000000008d300000|100%| O|  |TAMS 0x000000008d200000| PB 0x000000008d200000| Untracked 
| 211|0x000000008d300000, 0x000000008d400000, 0x000000008d400000|100%| O|  |TAMS 0x000000008d300000| PB 0x000000008d300000| Untracked 
| 212|0x000000008d400000, 0x000000008d500000, 0x000000008d500000|100%| O|  |TAMS 0x000000008d400000| PB 0x000000008d400000| Untracked 
| 213|0x000000008d500000, 0x000000008d600000, 0x000000008d600000|100%| O|  |TAMS 0x000000008d500000| PB 0x000000008d500000| Untracked 
| 214|0x000000008d600000, 0x000000008d700000, 0x000000008d700000|100%| O|  |TAMS 0x000000008d600000| PB 0x000000008d600000| Untracked 
| 215|0x000000008d700000, 0x000000008d800000, 0x000000008d800000|100%| O|  |TAMS 0x000000008d700000| PB 0x000000008d700000| Untracked 
| 216|0x000000008d800000, 0x000000008d900000, 0x000000008d900000|100%| O|  |TAMS 0x000000008d800000| PB 0x000000008d800000| Untracked 
| 217|0x000000008d900000, 0x000000008da00000, 0x000000008da00000|100%| O|  |TAMS 0x000000008d900000| PB 0x000000008d900000| Untracked 
| 218|0x000000008da00000, 0x000000008db00000, 0x000000008db00000|100%| O|  |TAMS 0x000000008da00000| PB 0x000000008da00000| Untracked 
| 219|0x000000008db00000, 0x000000008dc00000, 0x000000008dc00000|100%| O|  |TAMS 0x000000008db00000| PB 0x000000008db00000| Untracked 
| 220|0x000000008dc00000, 0x000000008dd00000, 0x000000008dd00000|100%| O|  |TAMS 0x000000008dc00000| PB 0x000000008dc00000| Untracked 
| 221|0x000000008dd00000, 0x000000008de00000, 0x000000008de00000|100%| O|  |TAMS 0x000000008dd00000| PB 0x000000008dd00000| Untracked 
| 222|0x000000008de00000, 0x000000008df00000, 0x000000008df00000|100%| O|  |TAMS 0x000000008de00000| PB 0x000000008de00000| Untracked 
| 223|0x000000008df00000, 0x000000008e000000, 0x000000008e000000|100%|HS|  |TAMS 0x000000008df00000| PB 0x000000008df00000| Complete 
| 224|0x000000008e000000, 0x000000008e100000, 0x000000008e100000|100%|HC|  |TAMS 0x000000008e000000| PB 0x000000008e000000| Complete 
| 225|0x000000008e100000, 0x000000008e200000, 0x000000008e200000|100%|HC|  |TAMS 0x000000008e100000| PB 0x000000008e100000| Complete 
| 226|0x000000008e200000, 0x000000008e300000, 0x000000008e300000|100%| O|  |TAMS 0x000000008e200000| PB 0x000000008e200000| Untracked 
| 227|0x000000008e300000, 0x000000008e400000, 0x000000008e400000|100%| O|  |TAMS 0x000000008e300000| PB 0x000000008e300000| Untracked 
| 228|0x000000008e400000, 0x000000008e500000, 0x000000008e500000|100%| O|  |TAMS 0x000000008e400000| PB 0x000000008e400000| Untracked 
| 229|0x000000008e500000, 0x000000008e600000, 0x000000008e600000|100%| O|  |TAMS 0x000000008e500000| PB 0x000000008e500000| Untracked 
| 230|0x000000008e600000, 0x000000008e700000, 0x000000008e700000|100%| O|  |TAMS 0x000000008e600000| PB 0x000000008e600000| Untracked 
| 231|0x000000008e700000, 0x000000008e800000, 0x000000008e800000|100%| O|  |TAMS 0x000000008e700000| PB 0x000000008e700000| Untracked 
| 232|0x000000008e800000, 0x000000008e900000, 0x000000008e900000|100%| O|  |TAMS 0x000000008e800000| PB 0x000000008e800000| Untracked 
| 233|0x000000008e900000, 0x000000008ea00000, 0x000000008ea00000|100%| O|  |TAMS 0x000000008e900000| PB 0x000000008e900000| Untracked 
| 234|0x000000008ea00000, 0x000000008eb00000, 0x000000008eb00000|100%| O|  |TAMS 0x000000008ea00000| PB 0x000000008ea00000| Untracked 
| 235|0x000000008eb00000, 0x000000008ec00000, 0x000000008ec00000|100%| O|  |TAMS 0x000000008eb00000| PB 0x000000008eb00000| Untracked 
| 236|0x000000008ec00000, 0x000000008ed00000, 0x000000008ed00000|100%| O|  |TAMS 0x000000008ec00000| PB 0x000000008ec00000| Untracked 
| 237|0x000000008ed00000, 0x000000008ee00000, 0x000000008ee00000|100%| O|  |TAMS 0x000000008ed00000| PB 0x000000008ed00000| Untracked 
| 238|0x000000008ee00000, 0x000000008ef00000, 0x000000008ef00000|100%| O|  |TAMS 0x000000008ee00000| PB 0x000000008ee00000| Untracked 
| 239|0x000000008ef00000, 0x000000008f000000, 0x000000008f000000|100%| O|  |TAMS 0x000000008ef00000| PB 0x000000008ef00000| Untracked 
| 240|0x000000008f000000, 0x000000008f100000, 0x000000008f100000|100%| O|  |TAMS 0x000000008f000000| PB 0x000000008f000000| Untracked 
| 241|0x000000008f100000, 0x000000008f200000, 0x000000008f200000|100%| O|  |TAMS 0x000000008f100000| PB 0x000000008f100000| Untracked 
| 242|0x000000008f200000, 0x000000008f300000, 0x000000008f300000|100%| O|  |TAMS 0x000000008f200000| PB 0x000000008f200000| Untracked 
| 243|0x000000008f300000, 0x000000008f400000, 0x000000008f400000|100%| O|  |TAMS 0x000000008f300000| PB 0x000000008f300000| Untracked 
| 244|0x000000008f400000, 0x000000008f500000, 0x000000008f500000|100%| O|  |TAMS 0x000000008f400000| PB 0x000000008f400000| Untracked 
| 245|0x000000008f500000, 0x000000008f600000, 0x000000008f600000|100%| O|  |TAMS 0x000000008f500000| PB 0x000000008f500000| Untracked 
| 246|0x000000008f600000, 0x000000008f700000, 0x000000008f700000|100%| O|  |TAMS 0x000000008f600000| PB 0x000000008f600000| Untracked 
| 247|0x000000008f700000, 0x000000008f800000, 0x000000008f800000|100%| O|  |TAMS 0x000000008f700000| PB 0x000000008f700000| Untracked 
| 248|0x000000008f800000, 0x000000008f900000, 0x000000008f900000|100%| O|  |TAMS 0x000000008f800000| PB 0x000000008f800000| Untracked 
| 249|0x000000008f900000, 0x000000008fa00000, 0x000000008fa00000|100%|HS|  |TAMS 0x000000008f900000| PB 0x000000008f900000| Complete 
| 250|0x000000008fa00000, 0x000000008fb00000, 0x000000008fb00000|100%| O|  |TAMS 0x000000008fa00000| PB 0x000000008fa00000| Untracked 
| 251|0x000000008fb00000, 0x000000008fc00000, 0x000000008fc00000|100%| O|  |TAMS 0x000000008fb00000| PB 0x000000008fb00000| Untracked 
| 252|0x000000008fc00000, 0x000000008fd00000, 0x000000008fd00000|100%| O|  |TAMS 0x000000008fc00000| PB 0x000000008fc00000| Untracked 
| 253|0x000000008fd00000, 0x000000008fe00000, 0x000000008fe00000|100%| O|  |TAMS 0x000000008fd00000| PB 0x000000008fd00000| Untracked 
| 254|0x000000008fe00000, 0x000000008ff00000, 0x000000008ff00000|100%| O|  |TAMS 0x000000008fe00000| PB 0x000000008fe00000| Untracked 
| 255|0x000000008ff00000, 0x0000000090000000, 0x0000000090000000|100%| O|  |TAMS 0x000000008ff00000| PB 0x000000008ff00000| Untracked 
| 256|0x0000000090000000, 0x0000000090100000, 0x0000000090100000|100%| O|  |TAMS 0x0000000090000000| PB 0x0000000090000000| Untracked 
| 257|0x0000000090100000, 0x0000000090200000, 0x0000000090200000|100%| O|  |TAMS 0x0000000090100000| PB 0x0000000090100000| Untracked 
| 258|0x0000000090200000, 0x0000000090300000, 0x0000000090300000|100%|HS|  |TAMS 0x0000000090200000| PB 0x0000000090200000| Complete 
| 259|0x0000000090300000, 0x0000000090400000, 0x0000000090400000|100%| O|  |TAMS 0x0000000090300000| PB 0x0000000090300000| Untracked 
| 260|0x0000000090400000, 0x0000000090500000, 0x0000000090500000|100%| O|  |TAMS 0x0000000090400000| PB 0x0000000090400000| Untracked 
| 261|0x0000000090500000, 0x0000000090600000, 0x0000000090600000|100%| O|  |TAMS 0x0000000090500000| PB 0x0000000090500000| Untracked 
| 262|0x0000000090600000, 0x0000000090700000, 0x0000000090700000|100%| O|  |TAMS 0x0000000090600000| PB 0x0000000090600000| Untracked 
| 263|0x0000000090700000, 0x0000000090800000, 0x0000000090800000|100%| O|  |TAMS 0x0000000090700000| PB 0x0000000090700000| Untracked 
| 264|0x0000000090800000, 0x0000000090900000, 0x0000000090900000|100%| O|  |TAMS 0x0000000090800000| PB 0x0000000090800000| Untracked 
| 265|0x0000000090900000, 0x0000000090a00000, 0x0000000090a00000|100%| O|  |TAMS 0x0000000090900000| PB 0x0000000090900000| Untracked 
| 266|0x0000000090a00000, 0x0000000090b00000, 0x0000000090b00000|100%| O|  |TAMS 0x0000000090a00000| PB 0x0000000090a00000| Untracked 
| 267|0x0000000090b00000, 0x0000000090c00000, 0x0000000090c00000|100%| O|  |TAMS 0x0000000090b00000| PB 0x0000000090b00000| Untracked 
| 268|0x0000000090c00000, 0x0000000090d00000, 0x0000000090d00000|100%| O|  |TAMS 0x0000000090c00000| PB 0x0000000090c00000| Untracked 
| 269|0x0000000090d00000, 0x0000000090e00000, 0x0000000090e00000|100%| O|  |TAMS 0x0000000090d00000| PB 0x0000000090d00000| Untracked 
| 270|0x0000000090e00000, 0x0000000090f00000, 0x0000000090f00000|100%| O|  |TAMS 0x0000000090e00000| PB 0x0000000090e00000| Untracked 
| 271|0x0000000090f00000, 0x0000000091000000, 0x0000000091000000|100%| O|  |TAMS 0x0000000090f00000| PB 0x0000000090f00000| Untracked 
| 272|0x0000000091000000, 0x0000000091100000, 0x0000000091100000|100%| O|  |TAMS 0x0000000091000000| PB 0x0000000091000000| Untracked 
| 273|0x0000000091100000, 0x0000000091200000, 0x0000000091200000|100%| O|  |TAMS 0x0000000091100000| PB 0x0000000091100000| Untracked 
| 274|0x0000000091200000, 0x0000000091300000, 0x0000000091300000|100%| O|  |TAMS 0x0000000091200000| PB 0x0000000091200000| Untracked 
| 275|0x0000000091300000, 0x0000000091400000, 0x0000000091400000|100%| O|  |TAMS 0x0000000091300000| PB 0x0000000091300000| Untracked 
| 276|0x0000000091400000, 0x0000000091500000, 0x0000000091500000|100%| O|  |TAMS 0x0000000091400000| PB 0x0000000091400000| Untracked 
| 277|0x0000000091500000, 0x0000000091600000, 0x0000000091600000|100%| O|  |TAMS 0x0000000091500000| PB 0x0000000091500000| Untracked 
| 278|0x0000000091600000, 0x0000000091700000, 0x0000000091700000|100%| O|  |TAMS 0x0000000091600000| PB 0x0000000091600000| Untracked 
| 279|0x0000000091700000, 0x0000000091800000, 0x0000000091800000|100%| O|  |TAMS 0x0000000091700000| PB 0x0000000091700000| Untracked 
| 280|0x0000000091800000, 0x0000000091900000, 0x0000000091900000|100%| O|  |TAMS 0x0000000091800000| PB 0x0000000091800000| Untracked 
| 281|0x0000000091900000, 0x0000000091a00000, 0x0000000091a00000|100%| O|  |TAMS 0x0000000091900000| PB 0x0000000091900000| Untracked 
| 282|0x0000000091a00000, 0x0000000091b00000, 0x0000000091b00000|100%| O|  |TAMS 0x0000000091a00000| PB 0x0000000091a00000| Untracked 
| 283|0x0000000091b00000, 0x0000000091c00000, 0x0000000091c00000|100%| O|  |TAMS 0x0000000091b00000| PB 0x0000000091b00000| Untracked 
| 284|0x0000000091c00000, 0x0000000091d00000, 0x0000000091d00000|100%| O|  |TAMS 0x0000000091c00000| PB 0x0000000091c00000| Untracked 
| 285|0x0000000091d00000, 0x0000000091e00000, 0x0000000091e00000|100%| O|  |TAMS 0x0000000091d00000| PB 0x0000000091d00000| Untracked 
| 286|0x0000000091e00000, 0x0000000091f00000, 0x0000000091f00000|100%| O|  |TAMS 0x0000000091e00000| PB 0x0000000091e00000| Untracked 
| 287|0x0000000091f00000, 0x0000000092000000, 0x0000000092000000|100%| O|  |TAMS 0x0000000091f00000| PB 0x0000000091f00000| Untracked 
| 288|0x0000000092000000, 0x0000000092100000, 0x0000000092100000|100%| O|  |TAMS 0x0000000092000000| PB 0x0000000092000000| Untracked 
| 289|0x0000000092100000, 0x0000000092200000, 0x0000000092200000|100%| O|  |TAMS 0x0000000092100000| PB 0x0000000092100000| Untracked 
| 290|0x0000000092200000, 0x0000000092300000, 0x0000000092300000|100%| O|  |TAMS 0x0000000092200000| PB 0x0000000092200000| Untracked 
| 291|0x0000000092300000, 0x0000000092400000, 0x0000000092400000|100%| O|  |TAMS 0x0000000092300000| PB 0x0000000092300000| Untracked 
| 292|0x0000000092400000, 0x0000000092500000, 0x0000000092500000|100%| O|  |TAMS 0x0000000092400000| PB 0x0000000092400000| Untracked 
| 293|0x0000000092500000, 0x0000000092600000, 0x0000000092600000|100%| O|  |TAMS 0x0000000092500000| PB 0x0000000092500000| Untracked 
| 294|0x0000000092600000, 0x0000000092700000, 0x0000000092700000|100%| O|  |TAMS 0x0000000092600000| PB 0x0000000092600000| Untracked 
| 295|0x0000000092700000, 0x0000000092800000, 0x0000000092800000|100%| O|  |TAMS 0x0000000092700000| PB 0x0000000092700000| Untracked 
| 296|0x0000000092800000, 0x0000000092900000, 0x0000000092900000|100%| O|  |TAMS 0x0000000092800000| PB 0x0000000092800000| Untracked 
| 297|0x0000000092900000, 0x0000000092a00000, 0x0000000092a00000|100%| O|  |TAMS 0x0000000092900000| PB 0x0000000092900000| Untracked 
| 298|0x0000000092a00000, 0x0000000092b00000, 0x0000000092b00000|100%| O|  |TAMS 0x0000000092a00000| PB 0x0000000092a00000| Untracked 
| 299|0x0000000092b00000, 0x0000000092c00000, 0x0000000092c00000|100%| O|  |TAMS 0x0000000092b00000| PB 0x0000000092b00000| Untracked 
| 300|0x0000000092c00000, 0x0000000092d00000, 0x0000000092d00000|100%| O|  |TAMS 0x0000000092c00000| PB 0x0000000092c00000| Untracked 
| 301|0x0000000092d00000, 0x0000000092e00000, 0x0000000092e00000|100%| O|  |TAMS 0x0000000092d00000| PB 0x0000000092d00000| Untracked 
| 302|0x0000000092e00000, 0x0000000092f00000, 0x0000000092f00000|100%| O|  |TAMS 0x0000000092e00000| PB 0x0000000092e00000| Untracked 
| 303|0x0000000092f00000, 0x0000000092f00000, 0x0000000093000000|  0%| F|  |TAMS 0x0000000092f00000| PB 0x0000000092f00000| Untracked 
| 304|0x0000000093000000, 0x0000000093100000, 0x0000000093100000|100%| O|  |TAMS 0x0000000093000000| PB 0x0000000093000000| Untracked 
| 305|0x0000000093100000, 0x0000000093200000, 0x0000000093200000|100%| O|  |TAMS 0x0000000093100000| PB 0x0000000093100000| Untracked 
| 306|0x0000000093200000, 0x0000000093300000, 0x0000000093300000|100%| O|  |TAMS 0x0000000093200000| PB 0x0000000093200000| Untracked 
| 307|0x0000000093300000, 0x0000000093400000, 0x0000000093400000|100%| O|  |TAMS 0x0000000093300000| PB 0x0000000093300000| Untracked 
| 308|0x0000000093400000, 0x0000000093500000, 0x0000000093500000|100%| O|  |TAMS 0x0000000093400000| PB 0x0000000093400000| Untracked 
| 309|0x0000000093500000, 0x0000000093600000, 0x0000000093600000|100%| O|  |TAMS 0x0000000093500000| PB 0x0000000093500000| Untracked 
| 310|0x0000000093600000, 0x0000000093700000, 0x0000000093700000|100%| O|  |TAMS 0x0000000093600000| PB 0x0000000093600000| Untracked 
| 311|0x0000000093700000, 0x0000000093700000, 0x0000000093800000|  0%| F|  |TAMS 0x0000000093700000| PB 0x0000000093700000| Untracked 
| 312|0x0000000093800000, 0x0000000093900000, 0x0000000093900000|100%| O|  |TAMS 0x0000000093800000| PB 0x0000000093800000| Untracked 
| 313|0x0000000093900000, 0x0000000093a00000, 0x0000000093a00000|100%|HS|  |TAMS 0x0000000093900000| PB 0x0000000093900000| Complete 
| 314|0x0000000093a00000, 0x0000000093b00000, 0x0000000093b00000|100%| O|  |TAMS 0x0000000093a00000| PB 0x0000000093a00000| Untracked 
| 315|0x0000000093b00000, 0x0000000093c00000, 0x0000000093c00000|100%| O|  |TAMS 0x0000000093b00000| PB 0x0000000093b00000| Untracked 
| 316|0x0000000093c00000, 0x0000000093d00000, 0x0000000093d00000|100%| O|  |TAMS 0x0000000093c00000| PB 0x0000000093c00000| Untracked 
| 317|0x0000000093d00000, 0x0000000093e00000, 0x0000000093e00000|100%| O|  |TAMS 0x0000000093d00000| PB 0x0000000093d00000| Untracked 
| 318|0x0000000093e00000, 0x0000000093f00000, 0x0000000093f00000|100%| O|  |TAMS 0x0000000093e00000| PB 0x0000000093e00000| Untracked 
| 319|0x0000000093f00000, 0x0000000094000000, 0x0000000094000000|100%| O|  |TAMS 0x0000000093f00000| PB 0x0000000093f00000| Untracked 
| 320|0x0000000094000000, 0x0000000094000000, 0x0000000094100000|  0%| F|  |TAMS 0x0000000094000000| PB 0x0000000094000000| Untracked 
| 321|0x0000000094100000, 0x0000000094200000, 0x0000000094200000|100%| O|  |TAMS 0x0000000094100000| PB 0x0000000094100000| Untracked 
| 322|0x0000000094200000, 0x0000000094300000, 0x0000000094300000|100%| O|  |TAMS 0x0000000094200000| PB 0x0000000094200000| Untracked 
| 323|0x0000000094300000, 0x0000000094400000, 0x0000000094400000|100%| O|  |TAMS 0x0000000094300000| PB 0x0000000094300000| Untracked 
| 324|0x0000000094400000, 0x0000000094500000, 0x0000000094500000|100%| O|  |TAMS 0x0000000094400000| PB 0x0000000094400000| Untracked 
| 325|0x0000000094500000, 0x0000000094600000, 0x0000000094600000|100%| O|  |TAMS 0x0000000094500000| PB 0x0000000094500000| Untracked 
| 326|0x0000000094600000, 0x0000000094700000, 0x0000000094700000|100%| O|  |TAMS 0x0000000094600000| PB 0x0000000094600000| Untracked 
| 327|0x0000000094700000, 0x0000000094800000, 0x0000000094800000|100%| O|  |TAMS 0x0000000094700000| PB 0x0000000094700000| Untracked 
| 328|0x0000000094800000, 0x0000000094900000, 0x0000000094900000|100%| O|  |TAMS 0x0000000094800000| PB 0x0000000094800000| Untracked 
| 329|0x0000000094900000, 0x0000000094a00000, 0x0000000094a00000|100%| O|  |TAMS 0x0000000094900000| PB 0x0000000094900000| Untracked 
| 330|0x0000000094a00000, 0x0000000094b00000, 0x0000000094b00000|100%| O|  |TAMS 0x0000000094a00000| PB 0x0000000094a00000| Untracked 
| 331|0x0000000094b00000, 0x0000000094c00000, 0x0000000094c00000|100%| O|  |TAMS 0x0000000094b00000| PB 0x0000000094b00000| Untracked 
| 332|0x0000000094c00000, 0x0000000094d00000, 0x0000000094d00000|100%| O|  |TAMS 0x0000000094c00000| PB 0x0000000094c00000| Untracked 
| 333|0x0000000094d00000, 0x0000000094e00000, 0x0000000094e00000|100%| O|  |TAMS 0x0000000094d00000| PB 0x0000000094d00000| Untracked 
| 334|0x0000000094e00000, 0x0000000094f00000, 0x0000000094f00000|100%| O|  |TAMS 0x0000000094e00000| PB 0x0000000094e00000| Untracked 
| 335|0x0000000094f00000, 0x0000000095000000, 0x0000000095000000|100%| O|  |TAMS 0x0000000094f00000| PB 0x0000000094f00000| Untracked 
| 336|0x0000000095000000, 0x0000000095100000, 0x0000000095100000|100%| O|  |TAMS 0x0000000095000000| PB 0x0000000095000000| Untracked 
| 337|0x0000000095100000, 0x0000000095200000, 0x0000000095200000|100%| O|  |TAMS 0x0000000095100000| PB 0x0000000095100000| Untracked 
| 338|0x0000000095200000, 0x0000000095300000, 0x0000000095300000|100%| O|  |TAMS 0x0000000095200000| PB 0x0000000095200000| Untracked 
| 339|0x0000000095300000, 0x0000000095400000, 0x0000000095400000|100%| O|  |TAMS 0x0000000095300000| PB 0x0000000095300000| Untracked 
| 340|0x0000000095400000, 0x0000000095500000, 0x0000000095500000|100%| O|  |TAMS 0x0000000095400000| PB 0x0000000095400000| Untracked 
| 341|0x0000000095500000, 0x0000000095600000, 0x0000000095600000|100%| O|  |TAMS 0x0000000095500000| PB 0x0000000095500000| Untracked 
| 342|0x0000000095600000, 0x0000000095700000, 0x0000000095700000|100%| O|  |TAMS 0x0000000095600000| PB 0x0000000095600000| Untracked 
| 343|0x0000000095700000, 0x0000000095800000, 0x0000000095800000|100%| O|  |TAMS 0x0000000095700000| PB 0x0000000095700000| Untracked 
| 344|0x0000000095800000, 0x0000000095900000, 0x0000000095900000|100%| O|  |TAMS 0x0000000095800000| PB 0x0000000095800000| Untracked 
| 345|0x0000000095900000, 0x0000000095a00000, 0x0000000095a00000|100%| O|  |TAMS 0x0000000095900000| PB 0x0000000095900000| Untracked 
| 346|0x0000000095a00000, 0x0000000095b00000, 0x0000000095b00000|100%| O|  |TAMS 0x0000000095a00000| PB 0x0000000095a00000| Untracked 
| 347|0x0000000095b00000, 0x0000000095c00000, 0x0000000095c00000|100%| O|  |TAMS 0x0000000095b00000| PB 0x0000000095b00000| Untracked 
| 348|0x0000000095c00000, 0x0000000095d00000, 0x0000000095d00000|100%| O|  |TAMS 0x0000000095c00000| PB 0x0000000095c00000| Untracked 
| 349|0x0000000095d00000, 0x0000000095e00000, 0x0000000095e00000|100%| O|  |TAMS 0x0000000095d00000| PB 0x0000000095d00000| Untracked 
| 350|0x0000000095e00000, 0x0000000095f00000, 0x0000000095f00000|100%| O|  |TAMS 0x0000000095e00000| PB 0x0000000095e00000| Untracked 
| 351|0x0000000095f00000, 0x0000000096000000, 0x0000000096000000|100%| O|  |TAMS 0x0000000095f00000| PB 0x0000000095f00000| Untracked 
| 352|0x0000000096000000, 0x0000000096100000, 0x0000000096100000|100%| O|  |TAMS 0x0000000096000000| PB 0x0000000096000000| Untracked 
| 353|0x0000000096100000, 0x0000000096200000, 0x0000000096200000|100%| O|  |TAMS 0x0000000096100000| PB 0x0000000096100000| Untracked 
| 354|0x0000000096200000, 0x0000000096200000, 0x0000000096300000|  0%| F|  |TAMS 0x0000000096200000| PB 0x0000000096200000| Untracked 
| 355|0x0000000096300000, 0x0000000096300000, 0x0000000096400000|  0%| F|  |TAMS 0x0000000096300000| PB 0x0000000096300000| Untracked 
| 356|0x0000000096400000, 0x0000000096500000, 0x0000000096500000|100%| O|  |TAMS 0x0000000096400000| PB 0x0000000096400000| Untracked 
| 357|0x0000000096500000, 0x0000000096600000, 0x0000000096600000|100%| O|  |TAMS 0x0000000096500000| PB 0x0000000096500000| Untracked 
| 358|0x0000000096600000, 0x0000000096600000, 0x0000000096700000|  0%| F|  |TAMS 0x0000000096600000| PB 0x0000000096600000| Untracked 
| 359|0x0000000096700000, 0x0000000096800000, 0x0000000096800000|100%| O|  |TAMS 0x0000000096700000| PB 0x0000000096700000| Untracked 
| 360|0x0000000096800000, 0x0000000096900000, 0x0000000096900000|100%| O|  |TAMS 0x0000000096800000| PB 0x0000000096800000| Untracked 
| 361|0x0000000096900000, 0x0000000096a00000, 0x0000000096a00000|100%| O|  |TAMS 0x0000000096900000| PB 0x0000000096900000| Untracked 
| 362|0x0000000096a00000, 0x0000000096b00000, 0x0000000096b00000|100%| O|  |TAMS 0x0000000096a00000| PB 0x0000000096a00000| Untracked 
| 363|0x0000000096b00000, 0x0000000096c00000, 0x0000000096c00000|100%| O|  |TAMS 0x0000000096b00000| PB 0x0000000096b00000| Untracked 
| 364|0x0000000096c00000, 0x0000000096d00000, 0x0000000096d00000|100%| S|CS|TAMS 0x0000000096c00000| PB 0x0000000096c00000| Complete 
| 365|0x0000000096d00000, 0x0000000096e00000, 0x0000000096e00000|100%| S|CS|TAMS 0x0000000096d00000| PB 0x0000000096d00000| Complete 
| 366|0x0000000096e00000, 0x0000000096f00000, 0x0000000096f00000|100%| S|CS|TAMS 0x0000000096e00000| PB 0x0000000096e00000| Complete 
| 367|0x0000000096f00000, 0x0000000097000000, 0x0000000097000000|100%| S|CS|TAMS 0x0000000096f00000| PB 0x0000000096f00000| Complete 
| 368|0x0000000097000000, 0x0000000097100000, 0x0000000097100000|100%| S|CS|TAMS 0x0000000097000000| PB 0x0000000097000000| Complete 
| 369|0x0000000097100000, 0x0000000097200000, 0x0000000097200000|100%| S|CS|TAMS 0x0000000097100000| PB 0x0000000097100000| Complete 
| 370|0x0000000097200000, 0x0000000097300000, 0x0000000097300000|100%| S|CS|TAMS 0x0000000097200000| PB 0x0000000097200000| Complete 
| 371|0x0000000097300000, 0x0000000097400000, 0x0000000097400000|100%| S|CS|TAMS 0x0000000097300000| PB 0x0000000097300000| Complete 
| 372|0x0000000097400000, 0x0000000097500000, 0x0000000097500000|100%| S|CS|TAMS 0x0000000097400000| PB 0x0000000097400000| Complete 
| 373|0x0000000097500000, 0x0000000097600000, 0x0000000097600000|100%| S|CS|TAMS 0x0000000097500000| PB 0x0000000097500000| Complete 
| 374|0x0000000097600000, 0x0000000097700000, 0x0000000097700000|100%| S|CS|TAMS 0x0000000097600000| PB 0x0000000097600000| Complete 
| 375|0x0000000097700000, 0x0000000097800000, 0x0000000097800000|100%| S|CS|TAMS 0x0000000097700000| PB 0x0000000097700000| Complete 
| 376|0x0000000097800000, 0x0000000097900000, 0x0000000097900000|100%| S|CS|TAMS 0x0000000097800000| PB 0x0000000097800000| Complete 
| 377|0x0000000097900000, 0x0000000097a00000, 0x0000000097a00000|100%| S|CS|TAMS 0x0000000097900000| PB 0x0000000097900000| Complete 
| 378|0x0000000097a00000, 0x0000000097b00000, 0x0000000097b00000|100%| S|CS|TAMS 0x0000000097a00000| PB 0x0000000097a00000| Complete 
| 379|0x0000000097b00000, 0x0000000097c00000, 0x0000000097c00000|100%| S|CS|TAMS 0x0000000097b00000| PB 0x0000000097b00000| Complete 
| 380|0x0000000097c00000, 0x0000000097d00000, 0x0000000097d00000|100%| S|CS|TAMS 0x0000000097c00000| PB 0x0000000097c00000| Complete 
| 381|0x0000000097d00000, 0x0000000097e00000, 0x0000000097e00000|100%| S|CS|TAMS 0x0000000097d00000| PB 0x0000000097d00000| Complete 
| 382|0x0000000097e00000, 0x0000000097f00000, 0x0000000097f00000|100%| S|CS|TAMS 0x0000000097e00000| PB 0x0000000097e00000| Complete 
| 383|0x0000000097f00000, 0x0000000098000000, 0x0000000098000000|100%| S|CS|TAMS 0x0000000097f00000| PB 0x0000000097f00000| Complete 
| 384|0x0000000098000000, 0x0000000098100000, 0x0000000098100000|100%| S|CS|TAMS 0x0000000098000000| PB 0x0000000098000000| Complete 
| 385|0x0000000098100000, 0x0000000098200000, 0x0000000098200000|100%| S|CS|TAMS 0x0000000098100000| PB 0x0000000098100000| Complete 
| 386|0x0000000098200000, 0x0000000098300000, 0x0000000098300000|100%| S|CS|TAMS 0x0000000098200000| PB 0x0000000098200000| Complete 
| 387|0x0000000098300000, 0x0000000098400000, 0x0000000098400000|100%| S|CS|TAMS 0x0000000098300000| PB 0x0000000098300000| Complete 
| 388|0x0000000098400000, 0x0000000098500000, 0x0000000098500000|100%| S|CS|TAMS 0x0000000098400000| PB 0x0000000098400000| Complete 
| 389|0x0000000098500000, 0x0000000098600000, 0x0000000098600000|100%| S|CS|TAMS 0x0000000098500000| PB 0x0000000098500000| Complete 
| 390|0x0000000098600000, 0x0000000098700000, 0x0000000098700000|100%| S|CS|TAMS 0x0000000098600000| PB 0x0000000098600000| Complete 
| 391|0x0000000098700000, 0x0000000098800000, 0x0000000098800000|100%| S|CS|TAMS 0x0000000098700000| PB 0x0000000098700000| Complete 
| 392|0x0000000098800000, 0x0000000098800000, 0x0000000098900000|  0%| F|  |TAMS 0x0000000098800000| PB 0x0000000098800000| Untracked 
| 393|0x0000000098900000, 0x0000000098900000, 0x0000000098a00000|  0%| F|  |TAMS 0x0000000098900000| PB 0x0000000098900000| Untracked 
| 394|0x0000000098a00000, 0x0000000098a00000, 0x0000000098b00000|  0%| F|  |TAMS 0x0000000098a00000| PB 0x0000000098a00000| Untracked 
| 395|0x0000000098b00000, 0x0000000098b00000, 0x0000000098c00000|  0%| F|  |TAMS 0x0000000098b00000| PB 0x0000000098b00000| Untracked 
| 396|0x0000000098c00000, 0x0000000098c00000, 0x0000000098d00000|  0%| F|  |TAMS 0x0000000098c00000| PB 0x0000000098c00000| Untracked 
| 397|0x0000000098d00000, 0x0000000098d00000, 0x0000000098e00000|  0%| F|  |TAMS 0x0000000098d00000| PB 0x0000000098d00000| Untracked 
| 398|0x0000000098e00000, 0x0000000098e00000, 0x0000000098f00000|  0%| F|  |TAMS 0x0000000098e00000| PB 0x0000000098e00000| Untracked 
| 399|0x0000000098f00000, 0x0000000098f00000, 0x0000000099000000|  0%| F|  |TAMS 0x0000000098f00000| PB 0x0000000098f00000| Untracked 
| 400|0x0000000099000000, 0x0000000099000000, 0x0000000099100000|  0%| F|  |TAMS 0x0000000099000000| PB 0x0000000099000000| Untracked 
| 401|0x0000000099100000, 0x0000000099100000, 0x0000000099200000|  0%| F|  |TAMS 0x0000000099100000| PB 0x0000000099100000| Untracked 
| 402|0x0000000099200000, 0x0000000099200000, 0x0000000099300000|  0%| F|  |TAMS 0x0000000099200000| PB 0x0000000099200000| Untracked 
| 403|0x0000000099300000, 0x0000000099300000, 0x0000000099400000|  0%| F|  |TAMS 0x0000000099300000| PB 0x0000000099300000| Untracked 
| 404|0x0000000099400000, 0x0000000099400000, 0x0000000099500000|  0%| F|  |TAMS 0x0000000099400000| PB 0x0000000099400000| Untracked 
| 405|0x0000000099500000, 0x0000000099500000, 0x0000000099600000|  0%| F|  |TAMS 0x0000000099500000| PB 0x0000000099500000| Untracked 
| 406|0x0000000099600000, 0x0000000099600000, 0x0000000099700000|  0%| F|  |TAMS 0x0000000099600000| PB 0x0000000099600000| Untracked 
| 407|0x0000000099700000, 0x0000000099700000, 0x0000000099800000|  0%| F|  |TAMS 0x0000000099700000| PB 0x0000000099700000| Untracked 
| 408|0x0000000099800000, 0x0000000099800000, 0x0000000099900000|  0%| F|  |TAMS 0x0000000099800000| PB 0x0000000099800000| Untracked 
| 409|0x0000000099900000, 0x0000000099900000, 0x0000000099a00000|  0%| F|  |TAMS 0x0000000099900000| PB 0x0000000099900000| Untracked 
| 410|0x0000000099a00000, 0x0000000099a00000, 0x0000000099b00000|  0%| F|  |TAMS 0x0000000099a00000| PB 0x0000000099a00000| Untracked 
| 411|0x0000000099b00000, 0x0000000099b00000, 0x0000000099c00000|  0%| F|  |TAMS 0x0000000099b00000| PB 0x0000000099b00000| Untracked 
| 412|0x0000000099c00000, 0x0000000099c00000, 0x0000000099d00000|  0%| F|  |TAMS 0x0000000099c00000| PB 0x0000000099c00000| Untracked 
| 413|0x0000000099d00000, 0x0000000099d00000, 0x0000000099e00000|  0%| F|  |TAMS 0x0000000099d00000| PB 0x0000000099d00000| Untracked 
| 414|0x0000000099e00000, 0x0000000099e00000, 0x0000000099f00000|  0%| F|  |TAMS 0x0000000099e00000| PB 0x0000000099e00000| Untracked 
| 415|0x0000000099f00000, 0x0000000099f00000, 0x000000009a000000|  0%| F|  |TAMS 0x0000000099f00000| PB 0x0000000099f00000| Untracked 
| 416|0x000000009a000000, 0x000000009a000000, 0x000000009a100000|  0%| F|  |TAMS 0x000000009a000000| PB 0x000000009a000000| Untracked 
| 417|0x000000009a100000, 0x000000009a100000, 0x000000009a200000|  0%| F|  |TAMS 0x000000009a100000| PB 0x000000009a100000| Untracked 
| 418|0x000000009a200000, 0x000000009a200000, 0x000000009a300000|  0%| F|  |TAMS 0x000000009a200000| PB 0x000000009a200000| Untracked 
| 419|0x000000009a300000, 0x000000009a300000, 0x000000009a400000|  0%| F|  |TAMS 0x000000009a300000| PB 0x000000009a300000| Untracked 
| 420|0x000000009a400000, 0x000000009a400000, 0x000000009a500000|  0%| F|  |TAMS 0x000000009a400000| PB 0x000000009a400000| Untracked 
| 421|0x000000009a500000, 0x000000009a500000, 0x000000009a600000|  0%| F|  |TAMS 0x000000009a500000| PB 0x000000009a500000| Untracked 
| 422|0x000000009a600000, 0x000000009a600000, 0x000000009a700000|  0%| F|  |TAMS 0x000000009a600000| PB 0x000000009a600000| Untracked 
| 423|0x000000009a700000, 0x000000009a700000, 0x000000009a800000|  0%| F|  |TAMS 0x000000009a700000| PB 0x000000009a700000| Untracked 
| 424|0x000000009a800000, 0x000000009a800000, 0x000000009a900000|  0%| F|  |TAMS 0x000000009a800000| PB 0x000000009a800000| Untracked 
| 425|0x000000009a900000, 0x000000009a900000, 0x000000009aa00000|  0%| F|  |TAMS 0x000000009a900000| PB 0x000000009a900000| Untracked 
| 426|0x000000009aa00000, 0x000000009aa00000, 0x000000009ab00000|  0%| F|  |TAMS 0x000000009aa00000| PB 0x000000009aa00000| Untracked 
| 427|0x000000009ab00000, 0x000000009ab00000, 0x000000009ac00000|  0%| F|  |TAMS 0x000000009ab00000| PB 0x000000009ab00000| Untracked 
| 428|0x000000009ac00000, 0x000000009ac00000, 0x000000009ad00000|  0%| F|  |TAMS 0x000000009ac00000| PB 0x000000009ac00000| Untracked 
| 429|0x000000009ad00000, 0x000000009ad00000, 0x000000009ae00000|  0%| F|  |TAMS 0x000000009ad00000| PB 0x000000009ad00000| Untracked 
| 430|0x000000009ae00000, 0x000000009ae00000, 0x000000009af00000|  0%| F|  |TAMS 0x000000009ae00000| PB 0x000000009ae00000| Untracked 
| 431|0x000000009af00000, 0x000000009af00000, 0x000000009b000000|  0%| F|  |TAMS 0x000000009af00000| PB 0x000000009af00000| Untracked 
| 432|0x000000009b000000, 0x000000009b000000, 0x000000009b100000|  0%| F|  |TAMS 0x000000009b000000| PB 0x000000009b000000| Untracked 
| 433|0x000000009b100000, 0x000000009b100000, 0x000000009b200000|  0%| F|  |TAMS 0x000000009b100000| PB 0x000000009b100000| Untracked 
| 434|0x000000009b200000, 0x000000009b200000, 0x000000009b300000|  0%| F|  |TAMS 0x000000009b200000| PB 0x000000009b200000| Untracked 
| 435|0x000000009b300000, 0x000000009b300000, 0x000000009b400000|  0%| F|  |TAMS 0x000000009b300000| PB 0x000000009b300000| Untracked 
| 436|0x000000009b400000, 0x000000009b400000, 0x000000009b500000|  0%| F|  |TAMS 0x000000009b400000| PB 0x000000009b400000| Untracked 
| 437|0x000000009b500000, 0x000000009b500000, 0x000000009b600000|  0%| F|  |TAMS 0x000000009b500000| PB 0x000000009b500000| Untracked 
| 438|0x000000009b600000, 0x000000009b600000, 0x000000009b700000|  0%| F|  |TAMS 0x000000009b600000| PB 0x000000009b600000| Untracked 
| 439|0x000000009b700000, 0x000000009b700000, 0x000000009b800000|  0%| F|  |TAMS 0x000000009b700000| PB 0x000000009b700000| Untracked 
| 440|0x000000009b800000, 0x000000009b800000, 0x000000009b900000|  0%| F|  |TAMS 0x000000009b800000| PB 0x000000009b800000| Untracked 
| 441|0x000000009b900000, 0x000000009b900000, 0x000000009ba00000|  0%| F|  |TAMS 0x000000009b900000| PB 0x000000009b900000| Untracked 
| 442|0x000000009ba00000, 0x000000009ba00000, 0x000000009bb00000|  0%| F|  |TAMS 0x000000009ba00000| PB 0x000000009ba00000| Untracked 
| 443|0x000000009bb00000, 0x000000009bb00000, 0x000000009bc00000|  0%| F|  |TAMS 0x000000009bb00000| PB 0x000000009bb00000| Untracked 
| 444|0x000000009bc00000, 0x000000009bc00000, 0x000000009bd00000|  0%| F|  |TAMS 0x000000009bc00000| PB 0x000000009bc00000| Untracked 
| 445|0x000000009bd00000, 0x000000009bd00000, 0x000000009be00000|  0%| F|  |TAMS 0x000000009bd00000| PB 0x000000009bd00000| Untracked 
| 446|0x000000009be00000, 0x000000009be00000, 0x000000009bf00000|  0%| F|  |TAMS 0x000000009be00000| PB 0x000000009be00000| Untracked 
| 447|0x000000009bf00000, 0x000000009bf00000, 0x000000009c000000|  0%| F|  |TAMS 0x000000009bf00000| PB 0x000000009bf00000| Untracked 
| 448|0x000000009c000000, 0x000000009c000000, 0x000000009c100000|  0%| F|  |TAMS 0x000000009c000000| PB 0x000000009c000000| Untracked 
| 449|0x000000009c100000, 0x000000009c100000, 0x000000009c200000|  0%| F|  |TAMS 0x000000009c100000| PB 0x000000009c100000| Untracked 
| 450|0x000000009c200000, 0x000000009c200000, 0x000000009c300000|  0%| F|  |TAMS 0x000000009c200000| PB 0x000000009c200000| Untracked 
| 451|0x000000009c300000, 0x000000009c300000, 0x000000009c400000|  0%| F|  |TAMS 0x000000009c300000| PB 0x000000009c300000| Untracked 
| 452|0x000000009c400000, 0x000000009c400000, 0x000000009c500000|  0%| F|  |TAMS 0x000000009c400000| PB 0x000000009c400000| Untracked 
| 453|0x000000009c500000, 0x000000009c500000, 0x000000009c600000|  0%| F|  |TAMS 0x000000009c500000| PB 0x000000009c500000| Untracked 
| 454|0x000000009c600000, 0x000000009c600000, 0x000000009c700000|  0%| F|  |TAMS 0x000000009c600000| PB 0x000000009c600000| Untracked 
| 455|0x000000009c700000, 0x000000009c700000, 0x000000009c800000|  0%| F|  |TAMS 0x000000009c700000| PB 0x000000009c700000| Untracked 
| 456|0x000000009c800000, 0x000000009c800000, 0x000000009c900000|  0%| F|  |TAMS 0x000000009c800000| PB 0x000000009c800000| Untracked 
| 457|0x000000009c900000, 0x000000009c900000, 0x000000009ca00000|  0%| F|  |TAMS 0x000000009c900000| PB 0x000000009c900000| Untracked 
| 458|0x000000009ca00000, 0x000000009ca00000, 0x000000009cb00000|  0%| F|  |TAMS 0x000000009ca00000| PB 0x000000009ca00000| Untracked 
| 459|0x000000009cb00000, 0x000000009cb00000, 0x000000009cc00000|  0%| F|  |TAMS 0x000000009cb00000| PB 0x000000009cb00000| Untracked 
| 460|0x000000009cc00000, 0x000000009cc00000, 0x000000009cd00000|  0%| F|  |TAMS 0x000000009cc00000| PB 0x000000009cc00000| Untracked 
| 461|0x000000009cd00000, 0x000000009cd00000, 0x000000009ce00000|  0%| F|  |TAMS 0x000000009cd00000| PB 0x000000009cd00000| Untracked 
| 462|0x000000009ce00000, 0x000000009ce00000, 0x000000009cf00000|  0%| F|  |TAMS 0x000000009ce00000| PB 0x000000009ce00000| Untracked 
| 463|0x000000009cf00000, 0x000000009cf00000, 0x000000009d000000|  0%| F|  |TAMS 0x000000009cf00000| PB 0x000000009cf00000| Untracked 
| 464|0x000000009d000000, 0x000000009d000000, 0x000000009d100000|  0%| F|  |TAMS 0x000000009d000000| PB 0x000000009d000000| Untracked 
| 465|0x000000009d100000, 0x000000009d100000, 0x000000009d200000|  0%| F|  |TAMS 0x000000009d100000| PB 0x000000009d100000| Untracked 
| 466|0x000000009d200000, 0x000000009d200000, 0x000000009d300000|  0%| F|  |TAMS 0x000000009d200000| PB 0x000000009d200000| Untracked 
| 467|0x000000009d300000, 0x000000009d300000, 0x000000009d400000|  0%| F|  |TAMS 0x000000009d300000| PB 0x000000009d300000| Untracked 
| 468|0x000000009d400000, 0x000000009d400000, 0x000000009d500000|  0%| F|  |TAMS 0x000000009d400000| PB 0x000000009d400000| Untracked 
| 469|0x000000009d500000, 0x000000009d500000, 0x000000009d600000|  0%| F|  |TAMS 0x000000009d500000| PB 0x000000009d500000| Untracked 
| 470|0x000000009d600000, 0x000000009d600000, 0x000000009d700000|  0%| F|  |TAMS 0x000000009d600000| PB 0x000000009d600000| Untracked 
| 471|0x000000009d700000, 0x000000009d700000, 0x000000009d800000|  0%| F|  |TAMS 0x000000009d700000| PB 0x000000009d700000| Untracked 
| 472|0x000000009d800000, 0x000000009d800000, 0x000000009d900000|  0%| F|  |TAMS 0x000000009d800000| PB 0x000000009d800000| Untracked 
| 473|0x000000009d900000, 0x000000009d900000, 0x000000009da00000|  0%| F|  |TAMS 0x000000009d900000| PB 0x000000009d900000| Untracked 
| 474|0x000000009da00000, 0x000000009da00000, 0x000000009db00000|  0%| F|  |TAMS 0x000000009da00000| PB 0x000000009da00000| Untracked 
| 475|0x000000009db00000, 0x000000009db00000, 0x000000009dc00000|  0%| F|  |TAMS 0x000000009db00000| PB 0x000000009db00000| Untracked 
| 476|0x000000009dc00000, 0x000000009dc00000, 0x000000009dd00000|  0%| F|  |TAMS 0x000000009dc00000| PB 0x000000009dc00000| Untracked 
| 477|0x000000009dd00000, 0x000000009dd00000, 0x000000009de00000|  0%| F|  |TAMS 0x000000009dd00000| PB 0x000000009dd00000| Untracked 
| 478|0x000000009de00000, 0x000000009de00000, 0x000000009df00000|  0%| F|  |TAMS 0x000000009de00000| PB 0x000000009de00000| Untracked 
| 479|0x000000009df00000, 0x000000009df00000, 0x000000009e000000|  0%| F|  |TAMS 0x000000009df00000| PB 0x000000009df00000| Untracked 
| 480|0x000000009e000000, 0x000000009e000000, 0x000000009e100000|  0%| F|  |TAMS 0x000000009e000000| PB 0x000000009e000000| Untracked 
| 481|0x000000009e100000, 0x000000009e100000, 0x000000009e200000|  0%| F|  |TAMS 0x000000009e100000| PB 0x000000009e100000| Untracked 
| 482|0x000000009e200000, 0x000000009e200000, 0x000000009e300000|  0%| F|  |TAMS 0x000000009e200000| PB 0x000000009e200000| Untracked 
| 483|0x000000009e300000, 0x000000009e300000, 0x000000009e400000|  0%| F|  |TAMS 0x000000009e300000| PB 0x000000009e300000| Untracked 
| 484|0x000000009e400000, 0x000000009e400000, 0x000000009e500000|  0%| F|  |TAMS 0x000000009e400000| PB 0x000000009e400000| Untracked 
| 485|0x000000009e500000, 0x000000009e500000, 0x000000009e600000|  0%| F|  |TAMS 0x000000009e500000| PB 0x000000009e500000| Untracked 
| 486|0x000000009e600000, 0x000000009e600000, 0x000000009e700000|  0%| F|  |TAMS 0x000000009e600000| PB 0x000000009e600000| Untracked 
| 487|0x000000009e700000, 0x000000009e700000, 0x000000009e800000|  0%| F|  |TAMS 0x000000009e700000| PB 0x000000009e700000| Untracked 
| 488|0x000000009e800000, 0x000000009e800000, 0x000000009e900000|  0%| F|  |TAMS 0x000000009e800000| PB 0x000000009e800000| Untracked 
| 489|0x000000009e900000, 0x000000009e900000, 0x000000009ea00000|  0%| F|  |TAMS 0x000000009e900000| PB 0x000000009e900000| Untracked 
| 490|0x000000009ea00000, 0x000000009ea00000, 0x000000009eb00000|  0%| F|  |TAMS 0x000000009ea00000| PB 0x000000009ea00000| Untracked 
| 491|0x000000009eb00000, 0x000000009eb00000, 0x000000009ec00000|  0%| F|  |TAMS 0x000000009eb00000| PB 0x000000009eb00000| Untracked 
| 492|0x000000009ec00000, 0x000000009ec00000, 0x000000009ed00000|  0%| F|  |TAMS 0x000000009ec00000| PB 0x000000009ec00000| Untracked 
| 493|0x000000009ed00000, 0x000000009ed00000, 0x000000009ee00000|  0%| F|  |TAMS 0x000000009ed00000| PB 0x000000009ed00000| Untracked 
| 494|0x000000009ee00000, 0x000000009ee00000, 0x000000009ef00000|  0%| F|  |TAMS 0x000000009ee00000| PB 0x000000009ee00000| Untracked 
| 495|0x000000009ef00000, 0x000000009ef00000, 0x000000009f000000|  0%| F|  |TAMS 0x000000009ef00000| PB 0x000000009ef00000| Untracked 
| 496|0x000000009f000000, 0x000000009f000000, 0x000000009f100000|  0%| F|  |TAMS 0x000000009f000000| PB 0x000000009f000000| Untracked 
| 497|0x000000009f100000, 0x000000009f100000, 0x000000009f200000|  0%| F|  |TAMS 0x000000009f100000| PB 0x000000009f100000| Untracked 
| 498|0x000000009f200000, 0x000000009f200000, 0x000000009f300000|  0%| F|  |TAMS 0x000000009f200000| PB 0x000000009f200000| Untracked 
| 499|0x000000009f300000, 0x000000009f300000, 0x000000009f400000|  0%| F|  |TAMS 0x000000009f300000| PB 0x000000009f300000| Untracked 
| 500|0x000000009f400000, 0x000000009f400000, 0x000000009f500000|  0%| F|  |TAMS 0x000000009f400000| PB 0x000000009f400000| Untracked 
| 501|0x000000009f500000, 0x000000009f500000, 0x000000009f600000|  0%| F|  |TAMS 0x000000009f500000| PB 0x000000009f500000| Untracked 
| 502|0x000000009f600000, 0x000000009f600000, 0x000000009f700000|  0%| F|  |TAMS 0x000000009f600000| PB 0x000000009f600000| Untracked 
| 503|0x000000009f700000, 0x000000009f700000, 0x000000009f800000|  0%| F|  |TAMS 0x000000009f700000| PB 0x000000009f700000| Untracked 
| 504|0x000000009f800000, 0x000000009f800000, 0x000000009f900000|  0%| F|  |TAMS 0x000000009f800000| PB 0x000000009f800000| Untracked 
| 505|0x000000009f900000, 0x000000009f900000, 0x000000009fa00000|  0%| F|  |TAMS 0x000000009f900000| PB 0x000000009f900000| Untracked 
| 506|0x000000009fa00000, 0x000000009fa00000, 0x000000009fb00000|  0%| F|  |TAMS 0x000000009fa00000| PB 0x000000009fa00000| Untracked 
| 507|0x000000009fb00000, 0x000000009fb00000, 0x000000009fc00000|  0%| F|  |TAMS 0x000000009fb00000| PB 0x000000009fb00000| Untracked 
| 508|0x000000009fc00000, 0x000000009fc00000, 0x000000009fd00000|  0%| F|  |TAMS 0x000000009fc00000| PB 0x000000009fc00000| Untracked 
| 509|0x000000009fd00000, 0x000000009fd00000, 0x000000009fe00000|  0%| F|  |TAMS 0x000000009fd00000| PB 0x000000009fd00000| Untracked 
| 510|0x000000009fe00000, 0x000000009fe00000, 0x000000009ff00000|  0%| F|  |TAMS 0x000000009fe00000| PB 0x000000009fe00000| Untracked 
| 511|0x000000009ff00000, 0x000000009ff00000, 0x00000000a0000000|  0%| F|  |TAMS 0x000000009ff00000| PB 0x000000009ff00000| Untracked 
| 512|0x00000000a0000000, 0x00000000a0000000, 0x00000000a0100000|  0%| F|  |TAMS 0x00000000a0000000| PB 0x00000000a0000000| Untracked 
| 513|0x00000000a0100000, 0x00000000a0100000, 0x00000000a0200000|  0%| F|  |TAMS 0x00000000a0100000| PB 0x00000000a0100000| Untracked 
| 514|0x00000000a0200000, 0x00000000a0200000, 0x00000000a0300000|  0%| F|  |TAMS 0x00000000a0200000| PB 0x00000000a0200000| Untracked 
| 515|0x00000000a0300000, 0x00000000a0300000, 0x00000000a0400000|  0%| F|  |TAMS 0x00000000a0300000| PB 0x00000000a0300000| Untracked 
| 516|0x00000000a0400000, 0x00000000a0400000, 0x00000000a0500000|  0%| F|  |TAMS 0x00000000a0400000| PB 0x00000000a0400000| Untracked 
| 517|0x00000000a0500000, 0x00000000a0500000, 0x00000000a0600000|  0%| F|  |TAMS 0x00000000a0500000| PB 0x00000000a0500000| Untracked 
| 518|0x00000000a0600000, 0x00000000a0600000, 0x00000000a0700000|  0%| F|  |TAMS 0x00000000a0600000| PB 0x00000000a0600000| Untracked 
| 519|0x00000000a0700000, 0x00000000a0700000, 0x00000000a0800000|  0%| F|  |TAMS 0x00000000a0700000| PB 0x00000000a0700000| Untracked 
| 520|0x00000000a0800000, 0x00000000a0800000, 0x00000000a0900000|  0%| F|  |TAMS 0x00000000a0800000| PB 0x00000000a0800000| Untracked 
| 521|0x00000000a0900000, 0x00000000a0900000, 0x00000000a0a00000|  0%| F|  |TAMS 0x00000000a0900000| PB 0x00000000a0900000| Untracked 
| 522|0x00000000a0a00000, 0x00000000a0a00000, 0x00000000a0b00000|  0%| F|  |TAMS 0x00000000a0a00000| PB 0x00000000a0a00000| Untracked 
| 523|0x00000000a0b00000, 0x00000000a0b00000, 0x00000000a0c00000|  0%| F|  |TAMS 0x00000000a0b00000| PB 0x00000000a0b00000| Untracked 
| 524|0x00000000a0c00000, 0x00000000a0c00000, 0x00000000a0d00000|  0%| F|  |TAMS 0x00000000a0c00000| PB 0x00000000a0c00000| Untracked 
| 525|0x00000000a0d00000, 0x00000000a0d00000, 0x00000000a0e00000|  0%| F|  |TAMS 0x00000000a0d00000| PB 0x00000000a0d00000| Untracked 
| 526|0x00000000a0e00000, 0x00000000a0e00000, 0x00000000a0f00000|  0%| F|  |TAMS 0x00000000a0e00000| PB 0x00000000a0e00000| Untracked 
| 527|0x00000000a0f00000, 0x00000000a0f00000, 0x00000000a1000000|  0%| F|  |TAMS 0x00000000a0f00000| PB 0x00000000a0f00000| Untracked 
| 528|0x00000000a1000000, 0x00000000a1000000, 0x00000000a1100000|  0%| F|  |TAMS 0x00000000a1000000| PB 0x00000000a1000000| Untracked 
| 529|0x00000000a1100000, 0x00000000a1100000, 0x00000000a1200000|  0%| F|  |TAMS 0x00000000a1100000| PB 0x00000000a1100000| Untracked 
| 530|0x00000000a1200000, 0x00000000a1200000, 0x00000000a1300000|  0%| F|  |TAMS 0x00000000a1200000| PB 0x00000000a1200000| Untracked 
| 531|0x00000000a1300000, 0x00000000a1300000, 0x00000000a1400000|  0%| F|  |TAMS 0x00000000a1300000| PB 0x00000000a1300000| Untracked 
| 532|0x00000000a1400000, 0x00000000a1400000, 0x00000000a1500000|  0%| F|  |TAMS 0x00000000a1400000| PB 0x00000000a1400000| Untracked 
| 533|0x00000000a1500000, 0x00000000a1500000, 0x00000000a1600000|  0%| F|  |TAMS 0x00000000a1500000| PB 0x00000000a1500000| Untracked 
| 534|0x00000000a1600000, 0x00000000a1600000, 0x00000000a1700000|  0%| F|  |TAMS 0x00000000a1600000| PB 0x00000000a1600000| Untracked 
| 535|0x00000000a1700000, 0x00000000a1700000, 0x00000000a1800000|  0%| F|  |TAMS 0x00000000a1700000| PB 0x00000000a1700000| Untracked 
| 536|0x00000000a1800000, 0x00000000a1800000, 0x00000000a1900000|  0%| F|  |TAMS 0x00000000a1800000| PB 0x00000000a1800000| Untracked 
| 537|0x00000000a1900000, 0x00000000a1900000, 0x00000000a1a00000|  0%| F|  |TAMS 0x00000000a1900000| PB 0x00000000a1900000| Untracked 
| 538|0x00000000a1a00000, 0x00000000a1a00000, 0x00000000a1b00000|  0%| F|  |TAMS 0x00000000a1a00000| PB 0x00000000a1a00000| Untracked 
| 539|0x00000000a1b00000, 0x00000000a1b00000, 0x00000000a1c00000|  0%| F|  |TAMS 0x00000000a1b00000| PB 0x00000000a1b00000| Untracked 
| 540|0x00000000a1c00000, 0x00000000a1c00000, 0x00000000a1d00000|  0%| F|  |TAMS 0x00000000a1c00000| PB 0x00000000a1c00000| Untracked 
| 541|0x00000000a1d00000, 0x00000000a1d00000, 0x00000000a1e00000|  0%| F|  |TAMS 0x00000000a1d00000| PB 0x00000000a1d00000| Untracked 
| 542|0x00000000a1e00000, 0x00000000a1e00000, 0x00000000a1f00000|  0%| F|  |TAMS 0x00000000a1e00000| PB 0x00000000a1e00000| Untracked 
| 543|0x00000000a1f00000, 0x00000000a1f00000, 0x00000000a2000000|  0%| F|  |TAMS 0x00000000a1f00000| PB 0x00000000a1f00000| Untracked 
| 544|0x00000000a2000000, 0x00000000a2000000, 0x00000000a2100000|  0%| F|  |TAMS 0x00000000a2000000| PB 0x00000000a2000000| Untracked 
| 545|0x00000000a2100000, 0x00000000a2100000, 0x00000000a2200000|  0%| F|  |TAMS 0x00000000a2100000| PB 0x00000000a2100000| Untracked 
| 546|0x00000000a2200000, 0x00000000a2200000, 0x00000000a2300000|  0%| F|  |TAMS 0x00000000a2200000| PB 0x00000000a2200000| Untracked 
| 547|0x00000000a2300000, 0x00000000a2300000, 0x00000000a2400000|  0%| F|  |TAMS 0x00000000a2300000| PB 0x00000000a2300000| Untracked 
| 548|0x00000000a2400000, 0x00000000a2400000, 0x00000000a2500000|  0%| F|  |TAMS 0x00000000a2400000| PB 0x00000000a2400000| Untracked 
| 549|0x00000000a2500000, 0x00000000a2500000, 0x00000000a2600000|  0%| F|  |TAMS 0x00000000a2500000| PB 0x00000000a2500000| Untracked 
| 550|0x00000000a2600000, 0x00000000a2600000, 0x00000000a2700000|  0%| F|  |TAMS 0x00000000a2600000| PB 0x00000000a2600000| Untracked 
| 551|0x00000000a2700000, 0x00000000a2700000, 0x00000000a2800000|  0%| F|  |TAMS 0x00000000a2700000| PB 0x00000000a2700000| Untracked 
| 552|0x00000000a2800000, 0x00000000a2800000, 0x00000000a2900000|  0%| F|  |TAMS 0x00000000a2800000| PB 0x00000000a2800000| Untracked 
| 553|0x00000000a2900000, 0x00000000a2900000, 0x00000000a2a00000|  0%| F|  |TAMS 0x00000000a2900000| PB 0x00000000a2900000| Untracked 
| 554|0x00000000a2a00000, 0x00000000a2a00000, 0x00000000a2b00000|  0%| F|  |TAMS 0x00000000a2a00000| PB 0x00000000a2a00000| Untracked 
| 555|0x00000000a2b00000, 0x00000000a2b00000, 0x00000000a2c00000|  0%| F|  |TAMS 0x00000000a2b00000| PB 0x00000000a2b00000| Untracked 
| 556|0x00000000a2c00000, 0x00000000a2c00000, 0x00000000a2d00000|  0%| F|  |TAMS 0x00000000a2c00000| PB 0x00000000a2c00000| Untracked 
| 557|0x00000000a2d00000, 0x00000000a2d00000, 0x00000000a2e00000|  0%| F|  |TAMS 0x00000000a2d00000| PB 0x00000000a2d00000| Untracked 
| 558|0x00000000a2e00000, 0x00000000a2e00000, 0x00000000a2f00000|  0%| F|  |TAMS 0x00000000a2e00000| PB 0x00000000a2e00000| Untracked 
| 559|0x00000000a2f00000, 0x00000000a2f00000, 0x00000000a3000000|  0%| F|  |TAMS 0x00000000a2f00000| PB 0x00000000a2f00000| Untracked 
| 560|0x00000000a3000000, 0x00000000a3000000, 0x00000000a3100000|  0%| F|  |TAMS 0x00000000a3000000| PB 0x00000000a3000000| Untracked 
| 561|0x00000000a3100000, 0x00000000a3100000, 0x00000000a3200000|  0%| F|  |TAMS 0x00000000a3100000| PB 0x00000000a3100000| Untracked 
| 562|0x00000000a3200000, 0x00000000a3200000, 0x00000000a3300000|  0%| F|  |TAMS 0x00000000a3200000| PB 0x00000000a3200000| Untracked 
| 563|0x00000000a3300000, 0x00000000a3300000, 0x00000000a3400000|  0%| F|  |TAMS 0x00000000a3300000| PB 0x00000000a3300000| Untracked 
| 564|0x00000000a3400000, 0x00000000a3400000, 0x00000000a3500000|  0%| F|  |TAMS 0x00000000a3400000| PB 0x00000000a3400000| Untracked 
| 565|0x00000000a3500000, 0x00000000a3500000, 0x00000000a3600000|  0%| F|  |TAMS 0x00000000a3500000| PB 0x00000000a3500000| Untracked 
| 566|0x00000000a3600000, 0x00000000a3600000, 0x00000000a3700000|  0%| F|  |TAMS 0x00000000a3600000| PB 0x00000000a3600000| Untracked 
| 567|0x00000000a3700000, 0x00000000a3700000, 0x00000000a3800000|  0%| F|  |TAMS 0x00000000a3700000| PB 0x00000000a3700000| Untracked 
| 568|0x00000000a3800000, 0x00000000a3800000, 0x00000000a3900000|  0%| F|  |TAMS 0x00000000a3800000| PB 0x00000000a3800000| Untracked 
| 569|0x00000000a3900000, 0x00000000a3900000, 0x00000000a3a00000|  0%| F|  |TAMS 0x00000000a3900000| PB 0x00000000a3900000| Untracked 
| 570|0x00000000a3a00000, 0x00000000a3a00000, 0x00000000a3b00000|  0%| F|  |TAMS 0x00000000a3a00000| PB 0x00000000a3a00000| Untracked 
| 571|0x00000000a3b00000, 0x00000000a3b00000, 0x00000000a3c00000|  0%| F|  |TAMS 0x00000000a3b00000| PB 0x00000000a3b00000| Untracked 
| 572|0x00000000a3c00000, 0x00000000a3c00000, 0x00000000a3d00000|  0%| F|  |TAMS 0x00000000a3c00000| PB 0x00000000a3c00000| Untracked 
| 573|0x00000000a3d00000, 0x00000000a3d00000, 0x00000000a3e00000|  0%| F|  |TAMS 0x00000000a3d00000| PB 0x00000000a3d00000| Untracked 
| 574|0x00000000a3e00000, 0x00000000a3e00000, 0x00000000a3f00000|  0%| F|  |TAMS 0x00000000a3e00000| PB 0x00000000a3e00000| Untracked 
| 575|0x00000000a3f00000, 0x00000000a3f00000, 0x00000000a4000000|  0%| F|  |TAMS 0x00000000a3f00000| PB 0x00000000a3f00000| Untracked 
| 576|0x00000000a4000000, 0x00000000a4000000, 0x00000000a4100000|  0%| F|  |TAMS 0x00000000a4000000| PB 0x00000000a4000000| Untracked 
| 577|0x00000000a4100000, 0x00000000a4100000, 0x00000000a4200000|  0%| F|  |TAMS 0x00000000a4100000| PB 0x00000000a4100000| Untracked 
| 578|0x00000000a4200000, 0x00000000a4200000, 0x00000000a4300000|  0%| F|  |TAMS 0x00000000a4200000| PB 0x00000000a4200000| Untracked 
| 579|0x00000000a4300000, 0x00000000a4300000, 0x00000000a4400000|  0%| F|  |TAMS 0x00000000a4300000| PB 0x00000000a4300000| Untracked 
| 580|0x00000000a4400000, 0x00000000a4400000, 0x00000000a4500000|  0%| F|  |TAMS 0x00000000a4400000| PB 0x00000000a4400000| Untracked 
| 581|0x00000000a4500000, 0x00000000a4500000, 0x00000000a4600000|  0%| F|  |TAMS 0x00000000a4500000| PB 0x00000000a4500000| Untracked 
| 582|0x00000000a4600000, 0x00000000a4600000, 0x00000000a4700000|  0%| F|  |TAMS 0x00000000a4600000| PB 0x00000000a4600000| Untracked 
| 583|0x00000000a4700000, 0x00000000a4700000, 0x00000000a4800000|  0%| F|  |TAMS 0x00000000a4700000| PB 0x00000000a4700000| Untracked 
| 584|0x00000000a4800000, 0x00000000a4800000, 0x00000000a4900000|  0%| F|  |TAMS 0x00000000a4800000| PB 0x00000000a4800000| Untracked 
| 585|0x00000000a4900000, 0x00000000a4900000, 0x00000000a4a00000|  0%| F|  |TAMS 0x00000000a4900000| PB 0x00000000a4900000| Untracked 
| 586|0x00000000a4a00000, 0x00000000a4a00000, 0x00000000a4b00000|  0%| F|  |TAMS 0x00000000a4a00000| PB 0x00000000a4a00000| Untracked 
| 587|0x00000000a4b00000, 0x00000000a4b00000, 0x00000000a4c00000|  0%| F|  |TAMS 0x00000000a4b00000| PB 0x00000000a4b00000| Untracked 
| 588|0x00000000a4c00000, 0x00000000a4c00000, 0x00000000a4d00000|  0%| F|  |TAMS 0x00000000a4c00000| PB 0x00000000a4c00000| Untracked 
| 589|0x00000000a4d00000, 0x00000000a4d00000, 0x00000000a4e00000|  0%| F|  |TAMS 0x00000000a4d00000| PB 0x00000000a4d00000| Untracked 
| 590|0x00000000a4e00000, 0x00000000a4e00000, 0x00000000a4f00000|  0%| F|  |TAMS 0x00000000a4e00000| PB 0x00000000a4e00000| Untracked 
| 591|0x00000000a4f00000, 0x00000000a4f00000, 0x00000000a5000000|  0%| F|  |TAMS 0x00000000a4f00000| PB 0x00000000a4f00000| Untracked 
| 592|0x00000000a5000000, 0x00000000a5000000, 0x00000000a5100000|  0%| F|  |TAMS 0x00000000a5000000| PB 0x00000000a5000000| Untracked 
| 593|0x00000000a5100000, 0x00000000a5100000, 0x00000000a5200000|  0%| F|  |TAMS 0x00000000a5100000| PB 0x00000000a5100000| Untracked 
| 594|0x00000000a5200000, 0x00000000a5200000, 0x00000000a5300000|  0%| F|  |TAMS 0x00000000a5200000| PB 0x00000000a5200000| Untracked 
| 595|0x00000000a5300000, 0x00000000a5300000, 0x00000000a5400000|  0%| F|  |TAMS 0x00000000a5300000| PB 0x00000000a5300000| Untracked 
| 596|0x00000000a5400000, 0x00000000a5400000, 0x00000000a5500000|  0%| F|  |TAMS 0x00000000a5400000| PB 0x00000000a5400000| Untracked 
| 597|0x00000000a5500000, 0x00000000a5500000, 0x00000000a5600000|  0%| F|  |TAMS 0x00000000a5500000| PB 0x00000000a5500000| Untracked 
| 598|0x00000000a5600000, 0x00000000a5600000, 0x00000000a5700000|  0%| F|  |TAMS 0x00000000a5600000| PB 0x00000000a5600000| Untracked 
| 599|0x00000000a5700000, 0x00000000a5700000, 0x00000000a5800000|  0%| F|  |TAMS 0x00000000a5700000| PB 0x00000000a5700000| Untracked 
| 600|0x00000000a5800000, 0x00000000a5800000, 0x00000000a5900000|  0%| F|  |TAMS 0x00000000a5800000| PB 0x00000000a5800000| Untracked 
| 601|0x00000000a5900000, 0x00000000a5900000, 0x00000000a5a00000|  0%| F|  |TAMS 0x00000000a5900000| PB 0x00000000a5900000| Untracked 
| 602|0x00000000a5a00000, 0x00000000a5a00000, 0x00000000a5b00000|  0%| F|  |TAMS 0x00000000a5a00000| PB 0x00000000a5a00000| Untracked 
| 603|0x00000000a5b00000, 0x00000000a5b00000, 0x00000000a5c00000|  0%| F|  |TAMS 0x00000000a5b00000| PB 0x00000000a5b00000| Untracked 
| 604|0x00000000a5c00000, 0x00000000a5c00000, 0x00000000a5d00000|  0%| F|  |TAMS 0x00000000a5c00000| PB 0x00000000a5c00000| Untracked 
| 605|0x00000000a5d00000, 0x00000000a5d00000, 0x00000000a5e00000|  0%| F|  |TAMS 0x00000000a5d00000| PB 0x00000000a5d00000| Untracked 
| 606|0x00000000a5e00000, 0x00000000a5e00000, 0x00000000a5f00000|  0%| F|  |TAMS 0x00000000a5e00000| PB 0x00000000a5e00000| Untracked 
| 607|0x00000000a5f00000, 0x00000000a6000000, 0x00000000a6000000|100%| S|CS|TAMS 0x00000000a5f00000| PB 0x00000000a5f00000| Complete 
| 608|0x00000000a6000000, 0x00000000a6100000, 0x00000000a6100000|100%| S|CS|TAMS 0x00000000a6000000| PB 0x00000000a6000000| Complete 
| 609|0x00000000a6100000, 0x00000000a6100000, 0x00000000a6200000|  0%| F|  |TAMS 0x00000000a6100000| PB 0x00000000a6100000| Untracked 
| 610|0x00000000a6200000, 0x00000000a6200000, 0x00000000a6300000|  0%| F|  |TAMS 0x00000000a6200000| PB 0x00000000a6200000| Untracked 
| 611|0x00000000a6300000, 0x00000000a6300000, 0x00000000a6400000|  0%| F|  |TAMS 0x00000000a6300000| PB 0x00000000a6300000| Untracked 
| 612|0x00000000a6400000, 0x00000000a6400000, 0x00000000a6500000|  0%| F|  |TAMS 0x00000000a6400000| PB 0x00000000a6400000| Untracked 
| 613|0x00000000a6500000, 0x00000000a6500000, 0x00000000a6600000|  0%| F|  |TAMS 0x00000000a6500000| PB 0x00000000a6500000| Untracked 
| 614|0x00000000a6600000, 0x00000000a6600000, 0x00000000a6700000|  0%| F|  |TAMS 0x00000000a6600000| PB 0x00000000a6600000| Untracked 
| 615|0x00000000a6700000, 0x00000000a6700000, 0x00000000a6800000|  0%| F|  |TAMS 0x00000000a6700000| PB 0x00000000a6700000| Untracked 
| 616|0x00000000a6800000, 0x00000000a6800000, 0x00000000a6900000|  0%| F|  |TAMS 0x00000000a6800000| PB 0x00000000a6800000| Untracked 
| 617|0x00000000a6900000, 0x00000000a6900000, 0x00000000a6a00000|  0%| F|  |TAMS 0x00000000a6900000| PB 0x00000000a6900000| Untracked 
| 618|0x00000000a6a00000, 0x00000000a6a00000, 0x00000000a6b00000|  0%| F|  |TAMS 0x00000000a6a00000| PB 0x00000000a6a00000| Untracked 
| 619|0x00000000a6b00000, 0x00000000a6b00000, 0x00000000a6c00000|  0%| F|  |TAMS 0x00000000a6b00000| PB 0x00000000a6b00000| Untracked 
| 620|0x00000000a6c00000, 0x00000000a6c00000, 0x00000000a6d00000|  0%| F|  |TAMS 0x00000000a6c00000| PB 0x00000000a6c00000| Untracked 
| 621|0x00000000a6d00000, 0x00000000a6d00000, 0x00000000a6e00000|  0%| F|  |TAMS 0x00000000a6d00000| PB 0x00000000a6d00000| Untracked 
| 622|0x00000000a6e00000, 0x00000000a6e00000, 0x00000000a6f00000|  0%| F|  |TAMS 0x00000000a6e00000| PB 0x00000000a6e00000| Untracked 
| 623|0x00000000a6f00000, 0x00000000a6f00000, 0x00000000a7000000|  0%| F|  |TAMS 0x00000000a6f00000| PB 0x00000000a6f00000| Untracked 
| 624|0x00000000a7000000, 0x00000000a7000000, 0x00000000a7100000|  0%| F|  |TAMS 0x00000000a7000000| PB 0x00000000a7000000| Untracked 
| 625|0x00000000a7100000, 0x00000000a7100000, 0x00000000a7200000|  0%| F|  |TAMS 0x00000000a7100000| PB 0x00000000a7100000| Untracked 
| 626|0x00000000a7200000, 0x00000000a7200000, 0x00000000a7300000|  0%| F|  |TAMS 0x00000000a7200000| PB 0x00000000a7200000| Untracked 
| 627|0x00000000a7300000, 0x00000000a7300000, 0x00000000a7400000|  0%| F|  |TAMS 0x00000000a7300000| PB 0x00000000a7300000| Untracked 
| 628|0x00000000a7400000, 0x00000000a7400000, 0x00000000a7500000|  0%| F|  |TAMS 0x00000000a7400000| PB 0x00000000a7400000| Untracked 
| 629|0x00000000a7500000, 0x00000000a7500000, 0x00000000a7600000|  0%| F|  |TAMS 0x00000000a7500000| PB 0x00000000a7500000| Untracked 
| 630|0x00000000a7600000, 0x00000000a7600000, 0x00000000a7700000|  0%| F|  |TAMS 0x00000000a7600000| PB 0x00000000a7600000| Untracked 
| 631|0x00000000a7700000, 0x00000000a7700000, 0x00000000a7800000|  0%| F|  |TAMS 0x00000000a7700000| PB 0x00000000a7700000| Untracked 
| 632|0x00000000a7800000, 0x00000000a7800000, 0x00000000a7900000|  0%| F|  |TAMS 0x00000000a7800000| PB 0x00000000a7800000| Untracked 
| 633|0x00000000a7900000, 0x00000000a7900000, 0x00000000a7a00000|  0%| F|  |TAMS 0x00000000a7900000| PB 0x00000000a7900000| Untracked 
| 634|0x00000000a7a00000, 0x00000000a7a00000, 0x00000000a7b00000|  0%| F|  |TAMS 0x00000000a7a00000| PB 0x00000000a7a00000| Untracked 
| 635|0x00000000a7b00000, 0x00000000a7b00000, 0x00000000a7c00000|  0%| F|  |TAMS 0x00000000a7b00000| PB 0x00000000a7b00000| Untracked 
|2008|0x00000000fd800000, 0x00000000fd8fa320, 0x00000000fd900000| 97%| O|  |TAMS 0x00000000fd800000| PB 0x00000000fd800000| Untracked 
|2009|0x00000000fd900000, 0x00000000fda00000, 0x00000000fda00000|100%| O|  |TAMS 0x00000000fd900000| PB 0x00000000fd900000| Untracked 
|2010|0x00000000fda00000, 0x00000000fdb00000, 0x00000000fdb00000|100%| O|  |TAMS 0x00000000fda00000| PB 0x00000000fda00000| Untracked 
|2011|0x00000000fdb00000, 0x00000000fdb00000, 0x00000000fdc00000|  0%| F|  |TAMS 0x00000000fdb00000| PB 0x00000000fdb00000| Untracked 
|2012|0x00000000fdc00000, 0x00000000fdc00000, 0x00000000fdd00000|  0%| F|  |TAMS 0x00000000fdc00000| PB 0x00000000fdc00000| Untracked 
|2013|0x00000000fdd00000, 0x00000000fde00000, 0x00000000fde00000|100%| O|  |TAMS 0x00000000fdd00000| PB 0x00000000fdd00000| Untracked 
|2014|0x00000000fde00000, 0x00000000fdf00000, 0x00000000fdf00000|100%| O|  |TAMS 0x00000000fde00000| PB 0x00000000fde00000| Untracked 
|2015|0x00000000fdf00000, 0x00000000fe000000, 0x00000000fe000000|100%| O|  |TAMS 0x00000000fdf00000| PB 0x00000000fdf00000| Untracked 
|2016|0x00000000fe000000, 0x00000000fe000000, 0x00000000fe100000|  0%| F|  |TAMS 0x00000000fe000000| PB 0x00000000fe000000| Untracked 
|2017|0x00000000fe100000, 0x00000000fe200000, 0x00000000fe200000|100%| O|  |TAMS 0x00000000fe100000| PB 0x00000000fe100000| Untracked 
|2018|0x00000000fe200000, 0x00000000fe200000, 0x00000000fe300000|  0%| F|  |TAMS 0x00000000fe200000| PB 0x00000000fe200000| Untracked 
|2019|0x00000000fe300000, 0x00000000fe400000, 0x00000000fe400000|100%| O|  |TAMS 0x00000000fe300000| PB 0x00000000fe300000| Untracked 
|2020|0x00000000fe400000, 0x00000000fe500000, 0x00000000fe500000|100%| O|  |TAMS 0x00000000fe400000| PB 0x00000000fe400000| Untracked 
|2021|0x00000000fe500000, 0x00000000fe600000, 0x00000000fe600000|100%| O|  |TAMS 0x00000000fe500000| PB 0x00000000fe500000| Untracked 
|2022|0x00000000fe600000, 0x00000000fe700000, 0x00000000fe700000|100%| O|  |TAMS 0x00000000fe600000| PB 0x00000000fe600000| Untracked 
|2023|0x00000000fe700000, 0x00000000fe800000, 0x00000000fe800000|100%| O|  |TAMS 0x00000000fe700000| PB 0x00000000fe700000| Untracked 
|2024|0x00000000fe800000, 0x00000000fe800000, 0x00000000fe900000|  0%| F|  |TAMS 0x00000000fe800000| PB 0x00000000fe800000| Untracked 
|2025|0x00000000fe900000, 0x00000000fe900000, 0x00000000fea00000|  0%| F|  |TAMS 0x00000000fe900000| PB 0x00000000fe900000| Untracked 
|2026|0x00000000fea00000, 0x00000000feb00000, 0x00000000feb00000|100%| O|  |TAMS 0x00000000fea00000| PB 0x00000000fea00000| Untracked 
|2027|0x00000000feb00000, 0x00000000fec00000, 0x00000000fec00000|100%| O|  |TAMS 0x00000000feb00000| PB 0x00000000feb00000| Untracked 
|2028|0x00000000fec00000, 0x00000000fed00000, 0x00000000fed00000|100%| O|  |TAMS 0x00000000fec00000| PB 0x00000000fec00000| Untracked 
|2029|0x00000000fed00000, 0x00000000fed00000, 0x00000000fee00000|  0%| F|  |TAMS 0x00000000fed00000| PB 0x00000000fed00000| Untracked 
|2030|0x00000000fee00000, 0x00000000fee00000, 0x00000000fef00000|  0%| F|  |TAMS 0x00000000fee00000| PB 0x00000000fee00000| Untracked 
|2031|0x00000000fef00000, 0x00000000fef00000, 0x00000000ff000000|  0%| F|  |TAMS 0x00000000fef00000| PB 0x00000000fef00000| Untracked 
|2032|0x00000000ff000000, 0x00000000ff000000, 0x00000000ff100000|  0%| F|  |TAMS 0x00000000ff000000| PB 0x00000000ff000000| Untracked 
|2033|0x00000000ff100000, 0x00000000ff100000, 0x00000000ff200000|  0%| F|  |TAMS 0x00000000ff100000| PB 0x00000000ff100000| Untracked 
|2034|0x00000000ff200000, 0x00000000ff200000, 0x00000000ff300000|  0%| F|  |TAMS 0x00000000ff200000| PB 0x00000000ff200000| Untracked 
|2035|0x00000000ff300000, 0x00000000ff300000, 0x00000000ff400000|  0%| F|  |TAMS 0x00000000ff300000| PB 0x00000000ff300000| Untracked 
|2036|0x00000000ff400000, 0x00000000ff400000, 0x00000000ff500000|  0%| F|  |TAMS 0x00000000ff400000| PB 0x00000000ff400000| Untracked 
|2037|0x00000000ff500000, 0x00000000ff600000, 0x00000000ff600000|100%| O|  |TAMS 0x00000000ff500000| PB 0x00000000ff500000| Untracked 
|2038|0x00000000ff600000, 0x00000000ff700000, 0x00000000ff700000|100%| O|  |TAMS 0x00000000ff600000| PB 0x00000000ff600000| Untracked 
|2039|0x00000000ff700000, 0x00000000ff700000, 0x00000000ff800000|  0%| F|  |TAMS 0x00000000ff700000| PB 0x00000000ff700000| Untracked 
|2040|0x00000000ff800000, 0x00000000ff900000, 0x00000000ff900000|100%| O|  |TAMS 0x00000000ff800000| PB 0x00000000ff800000| Untracked 
|2041|0x00000000ff900000, 0x00000000ff900000, 0x00000000ffa00000|  0%| F|  |TAMS 0x00000000ff900000| PB 0x00000000ff900000| Untracked 
|2042|0x00000000ffa00000, 0x00000000ffa00000, 0x00000000ffb00000|  0%| F|  |TAMS 0x00000000ffa00000| PB 0x00000000ffa00000| Untracked 
|2043|0x00000000ffb00000, 0x00000000ffc00000, 0x00000000ffc00000|100%| O|  |TAMS 0x00000000ffb00000| PB 0x00000000ffb00000| Untracked 
|2044|0x00000000ffc00000, 0x00000000ffd00000, 0x00000000ffd00000|100%| O|  |TAMS 0x00000000ffc00000| PB 0x00000000ffc00000| Untracked 
|2045|0x00000000ffd00000, 0x00000000ffe00000, 0x00000000ffe00000|100%| O|  |TAMS 0x00000000ffd00000| PB 0x00000000ffd00000| Untracked 
|2046|0x00000000ffe00000, 0x00000000fff00000, 0x00000000fff00000|100%| O|  |TAMS 0x00000000ffe00000| PB 0x00000000ffe00000| Untracked 
|2047|0x00000000fff00000, 0x0000000100000000, 0x0000000100000000|100%| O|  |TAMS 0x00000000fff00000| PB 0x00000000fff00000| Untracked 

Card table byte_map: [0x000001a5679b0000,0x000001a567db0000] _byte_map_base: 0x000001a5675b0000

Marking Bits: (CMBitMap*) 0x000001a54cc41400
 Bits: [0x000001a567db0000, 0x000001a569db0000)

Polling page: 0x000001a54a9d0000

Metaspace:

Usage:
  Non-class:    188.55 MB used.
      Class:     27.14 MB used.
       Both:    215.70 MB used.

Virtual space:
  Non-class space:      192.00 MB reserved,     189.94 MB ( 99%) committed,  3 nodes.
      Class space:      832.00 MB reserved,      28.44 MB (  3%) committed,  1 nodes.
             Both:        1.00 GB reserved,     218.38 MB ( 21%) committed. 

Chunk freelists:
   Non-Class:  1.97 MB
       Class:  3.47 MB
        Both:  5.44 MB

MaxMetaspaceSize: 1.00 GB
CompressedClassSpaceSize: 832.00 MB
Initial GC threshold: 21.00 MB
Current GC threshold: 363.88 MB
CDS: on
 - commit_granule_bytes: 65536.
 - commit_granule_words: 8192.
 - virtual_space_node_default_size: 8388608.
 - enlarge_chunks_in_place: 1.
 - use_allocation_guard: 0.


Internal statistics:

num_allocs_failed_limit: 9.
num_arena_births: 4868.
num_arena_deaths: 60.
num_vsnodes_births: 4.
num_vsnodes_deaths: 0.
num_space_committed: 3492.
num_space_uncommitted: 2.
num_chunks_returned_to_freelist: 116.
num_chunks_taken_from_freelist: 13865.
num_chunk_merges: 42.
num_chunk_splits: 9808.
num_chunks_enlarged: 7072.
num_inconsistent_stats: 0.

CodeHeap 'non-profiled nmethods': size=119168Kb used=25005Kb max_used=25733Kb free=94162Kb
 bounds [0x000001a55f6b0000, 0x000001a560fe0000, 0x000001a566b10000]
CodeHeap 'profiled nmethods': size=119104Kb used=46650Kb max_used=50377Kb free=72453Kb
 bounds [0x000001a557b10000, 0x000001a55ac50000, 0x000001a55ef60000]
CodeHeap 'non-nmethods': size=7488Kb used=4164Kb max_used=4209Kb free=3323Kb
 bounds [0x000001a55ef60000, 0x000001a55f6b0000, 0x000001a55f6b0000]
CodeCache: size=245760Kb, used=75819Kb, max_used=80319Kb, free=169938Kb
 total_blobs=23129, nmethods=21852, adapters=1168, full_count=0
Compilation: enabled, stopped_count=0, restarted_count=0

JVMCI Events (5 events):
Event: 0.055 Thread 0x000001a54cbe4bc0 created new Java JVMCI runtime -1 (0x000001a54cbec1a0)
Event: 0.219 Thread 0x000001a56d31ec30 initializing JVMCI runtime -1
Event: 0.219 Thread 0x000001a56d31ec30 initializing JavaVM references in JVMCI runtime -1
Event: 0.236 Thread 0x000001a56d31ec30 initialized JavaVM references in JVMCI runtime -1
Event: 0.236 Thread 0x000001a56d31ec30 initialized JVMCI runtime -1

Compilation events (20 events):
Event: 80.878 Thread 0x000001a547ffd100 nmethod 45622 0x000001a55f8ea290 code [0x000001a55f8ea440, 0x000001a55f8ea638]
Event: 80.879 Thread 0x000001a56d31ec30 45625       4       java.util.EnumMap::put (10 bytes)
Event: 80.885 Thread 0x000001a56d31f2e0 45626       1       org.graalvm.compiler.nodes.java.MonitorExitNode::virtualize (67 bytes)
Event: 80.885 Thread 0x000001a56d31f2e0 nmethod 45626 0x000001a55f908010 code [0x000001a55f908200, 0x000001a55f908588]
Event: 80.885 Thread 0x000001a56d31ec30 nmethod 45625 0x000001a55fbc4e10 code [0x000001a55fbc4fa0, 0x000001a55fbc52f8]
Event: 80.888 Thread 0x000001a57ede20f0 nmethod 45623 0x000001a55fb4ea10 code [0x000001a55fb4ec20, 0x000001a55fb4f7f8]
Event: 80.892 Thread 0x000001a547ffd100 45627       4       org.jetbrains.kotlin.load.kotlin.FileBasedKotlinClass::resolveNameByDesc (87 bytes)
Event: 80.902 Thread 0x000001a547ffd100 nmethod 45627 0x000001a55f9a0890 code [0x000001a55f9a0a40, 0x000001a55f9a0e18]
Event: 80.907 Thread 0x000001a56d31ec30 45628   !   4       org.jetbrains.kotlin.metadata.jvm.JvmProtoBuf$StringTableTypes::<init> (495 bytes)
Event: 80.921 Thread 0x000001a547ffd100 45629       4       org.jetbrains.kotlin.load.kotlin.FileBasedKotlinClass$1::visitInnerClass (19 bytes)
Event: 80.921 Thread 0x000001a57ede20f0 45630       4       org.jetbrains.kotlin.load.kotlin.FileBasedKotlinClass$InnerClassesInfo::add (48 bytes)
Event: 80.932 Thread 0x000001a547ffd100 nmethod 45629 0x000001a55fae5f90 code [0x000001a55fae6140, 0x000001a55fae6598]
Event: 80.932 Thread 0x000001a547ffd100 45631       4       org.jetbrains.kotlin.load.kotlin.FileBasedKotlinClass::convertAnnotationVisitor (56 bytes)
Event: 80.932 Thread 0x000001a57ede20f0 nmethod 45630 0x000001a55f70d990 code [0x000001a55f70db40, 0x000001a55f70df60]
Event: 80.938 Thread 0x000001a57ede20f0 45632       4       org.jetbrains.kotlin.name.ClassId::asSingleFqName (60 bytes)
Event: 80.947 Thread 0x000001a57edddcd0 45633       3       org.jetbrains.kotlin.metadata.jvm.JvmProtoBuf$JvmPropertySignature$Builder::mergeSyntheticMethod (58 bytes)
Event: 80.948 Thread 0x000001a57edddcd0 nmethod 45633 0x000001a557ddfa90 code [0x000001a557ddfcc0, 0x000001a557de0440]
Event: 80.958 Thread 0x000001a547ffd100 nmethod 45631 0x000001a560548f90 code [0x000001a560549160, 0x000001a560549668]
Event: 80.958 Thread 0x000001a57ede20f0 nmethod 45632 0x000001a560a82e90 code [0x000001a560a830c0, 0x000001a560a83c78]
Event: 80.959 Thread 0x000001a547ffd100 45634   !   4       org.jetbrains.kotlin.metadata.ProtoBuf$Package::<init> (656 bytes)

GC Heap History (20 events):
Event: 76.194 GC heap after
{Heap after GC invocations=113 (full 0):
 garbage-first heap   total 514048K, used 316357K [0x0000000080000000, 0x0000000100000000)
  region size 1024K, 11 young (11264K), 11 survivors (11264K)
 Metaspace       used 211939K, committed 214656K, reserved 1048576K
  class space    used 27065K, committed 28352K, reserved 851968K
}
Event: 76.821 GC heap before
{Heap before GC invocations=114 (full 0):
 garbage-first heap   total 529408K, used 486341K [0x0000000080000000, 0x0000000100000000)
  region size 1024K, 177 young (181248K), 11 survivors (11264K)
 Metaspace       used 212085K, committed 214848K, reserved 1048576K
  class space    used 27069K, committed 28416K, reserved 851968K
}
Event: 76.843 GC heap after
{Heap after GC invocations=115 (full 0):
 garbage-first heap   total 529408K, used 333780K [0x0000000080000000, 0x0000000100000000)
  region size 1024K, 23 young (23552K), 23 survivors (23552K)
 Metaspace       used 212085K, committed 214848K, reserved 1048576K
  class space    used 27069K, committed 28416K, reserved 851968K
}
Event: 77.079 GC heap before
{Heap before GC invocations=115 (full 0):
 garbage-first heap   total 529408K, used 496596K [0x0000000080000000, 0x0000000100000000)
  region size 1024K, 182 young (186368K), 23 survivors (23552K)
 Metaspace       used 212127K, committed 214848K, reserved 1048576K
  class space    used 27069K, committed 28416K, reserved 851968K
}
Event: 77.104 GC heap after
{Heap after GC invocations=116 (full 0):
 garbage-first heap   total 603136K, used 348374K [0x0000000080000000, 0x0000000100000000)
  region size 1024K, 14 young (14336K), 14 survivors (14336K)
 Metaspace       used 212127K, committed 214848K, reserved 1048576K
  class space    used 27069K, committed 28416K, reserved 851968K
}
Event: 77.440 GC heap before
{Heap before GC invocations=116 (full 0):
 garbage-first heap   total 603136K, used 561366K [0x0000000080000000, 0x0000000100000000)
  region size 1024K, 223 young (228352K), 14 survivors (14336K)
 Metaspace       used 212198K, committed 214976K, reserved 1048576K
  class space    used 27069K, committed 28416K, reserved 851968K
}
Event: 77.456 GC heap after
{Heap after GC invocations=117 (full 0):
 garbage-first heap   total 603136K, used 358381K [0x0000000080000000, 0x0000000100000000)
  region size 1024K, 23 young (23552K), 23 survivors (23552K)
 Metaspace       used 212198K, committed 214976K, reserved 1048576K
  class space    used 27069K, committed 28416K, reserved 851968K
}
Event: 77.923 GC heap before
{Heap before GC invocations=117 (full 0):
 garbage-first heap   total 603136K, used 562157K [0x0000000080000000, 0x0000000100000000)
  region size 1024K, 223 young (228352K), 23 survivors (23552K)
 Metaspace       used 214911K, committed 217600K, reserved 1048576K
  class space    used 27355K, committed 28672K, reserved 851968K
}
Event: 77.941 GC heap after
{Heap after GC invocations=118 (full 0):
 garbage-first heap   total 603136K, used 364012K [0x0000000080000000, 0x0000000100000000)
  region size 1024K, 20 young (20480K), 20 survivors (20480K)
 Metaspace       used 214911K, committed 217600K, reserved 1048576K
  class space    used 27355K, committed 28672K, reserved 851968K
}
Event: 79.101 GC heap before
{Heap before GC invocations=118 (full 0):
 garbage-first heap   total 603136K, used 564716K [0x0000000080000000, 0x0000000100000000)
  region size 1024K, 216 young (221184K), 20 survivors (20480K)
 Metaspace       used 218976K, committed 221696K, reserved 1048576K
  class space    used 27714K, committed 29056K, reserved 851968K
}
Event: 79.117 GC heap after
{Heap after GC invocations=119 (full 0):
 garbage-first heap   total 603136K, used 372300K [0x0000000080000000, 0x0000000100000000)
  region size 1024K, 19 young (19456K), 19 survivors (19456K)
 Metaspace       used 218976K, committed 221696K, reserved 1048576K
  class space    used 27714K, committed 29056K, reserved 851968K
}
Event: 79.512 GC heap before
{Heap before GC invocations=120 (full 0):
 garbage-first heap   total 621568K, used 567884K [0x0000000080000000, 0x0000000100000000)
  region size 1024K, 209 young (214016K), 19 survivors (19456K)
 Metaspace       used 219228K, committed 221952K, reserved 1048576K
  class space    used 27717K, committed 29056K, reserved 851968K
}
Event: 79.534 GC heap after
{Heap after GC invocations=121 (full 0):
 garbage-first heap   total 621568K, used 392613K [0x0000000080000000, 0x0000000100000000)
  region size 1024K, 27 young (27648K), 27 survivors (27648K)
 Metaspace       used 219228K, committed 221952K, reserved 1048576K
  class space    used 27717K, committed 29056K, reserved 851968K
}
Event: 79.955 GC heap before
{Heap before GC invocations=121 (full 0):
 garbage-first heap   total 621568K, used 577957K [0x0000000080000000, 0x0000000100000000)
  region size 1024K, 208 young (212992K), 27 survivors (27648K)
 Metaspace       used 220261K, committed 223040K, reserved 1048576K
  class space    used 27775K, committed 29120K, reserved 851968K
}
Event: 79.973 GC heap after
{Heap after GC invocations=122 (full 0):
 garbage-first heap   total 621568K, used 393048K [0x0000000080000000, 0x0000000100000000)
  region size 1024K, 9 young (9216K), 9 survivors (9216K)
 Metaspace       used 220261K, committed 223040K, reserved 1048576K
  class space    used 27775K, committed 29120K, reserved 851968K
}
Event: 80.334 GC heap before
{Heap before GC invocations=122 (full 0):
 garbage-first heap   total 621568K, used 581464K [0x0000000080000000, 0x0000000100000000)
  region size 1024K, 193 young (197632K), 9 survivors (9216K)
 Metaspace       used 220805K, committed 223552K, reserved 1048576K
  class space    used 27789K, committed 29120K, reserved 851968K
}
Event: 80.341 GC heap after
{Heap after GC invocations=123 (full 0):
 garbage-first heap   total 621568K, used 395603K [0x0000000080000000, 0x0000000100000000)
  region size 1024K, 11 young (11264K), 11 survivors (11264K)
 Metaspace       used 220805K, committed 223552K, reserved 1048576K
  class space    used 27789K, committed 29120K, reserved 851968K
}
Event: 80.732 GC heap before
{Heap before GC invocations=124 (full 0):
 garbage-first heap   total 660480K, used 586067K [0x0000000080000000, 0x0000000100000000)
  region size 1024K, 198 young (202752K), 11 survivors (11264K)
 Metaspace       used 220871K, committed 223616K, reserved 1048576K
  class space    used 27791K, committed 29120K, reserved 851968K
}
Event: 80.746 GC heap after
{Heap after GC invocations=125 (full 0):
 garbage-first heap   total 660480K, used 403933K [0x0000000080000000, 0x0000000100000000)
  region size 1024K, 19 young (19456K), 19 survivors (19456K)
 Metaspace       used 220871K, committed 223616K, reserved 1048576K
  class space    used 27791K, committed 29120K, reserved 851968K
}
Event: 80.959 GC heap before
{Heap before GC invocations=125 (full 0):
 garbage-first heap   total 660480K, used 622045K [0x0000000080000000, 0x0000000100000000)
  region size 1024K, 233 young (238592K), 19 survivors (19456K)
 Metaspace       used 220871K, committed 223616K, reserved 1048576K
  class space    used 27791K, committed 29120K, reserved 851968K
}

Dll operation events (18 events):
Event: 0.021 Loaded shared library C:\LibericaNIK\bin\java.dll
Event: 0.086 Loaded shared library C:\LibericaNIK\bin\jsvml.dll
Event: 0.177 Loaded shared library C:\LibericaNIK\bin\zip.dll
Event: 0.190 Loaded shared library C:\LibericaNIK\bin\instrument.dll
Event: 0.202 Loaded shared library C:\LibericaNIK\bin\net.dll
Event: 0.206 Loaded shared library C:\LibericaNIK\bin\nio.dll
Event: 0.213 Loaded shared library C:\LibericaNIK\bin\zip.dll
Event: 0.271 Loaded shared library C:\LibericaNIK\bin\jimage.dll
Event: 1.263 Loaded shared library C:\LibericaNIK\bin\verify.dll
Event: 1.358 Loaded shared library C:\Users\Truong\.gradle\native\660c5614fbf4a5f2a75b1949f50a0caf5cd603558e7d8a26e50b933a0cfb79d1\windows-amd64\native-platform.dll
Event: 1.385 Loaded shared library C:\Users\Truong\.gradle\native\0.2.8\x86_64-windows-gnu\gradle-fileevents.dll
Event: 9.498 Loaded shared library C:\LibericaNIK\bin\management.dll
Event: 9.503 Loaded shared library C:\LibericaNIK\bin\management_ext.dll
Event: 9.918 Loaded shared library C:\LibericaNIK\bin\extnet.dll
Event: 11.273 Loaded shared library C:\LibericaNIK\bin\sunmscapi.dll
Event: 63.542 Loaded shared library C:\LibericaNIK\bin\awt.dll
Event: 67.951 Loaded shared library C:\Users\Truong\AppData\Local\Temp\sqlite-3.41.2.2-da206de1-2970-4ef7-984a-c3c2c6f61e23-sqlitejdbc.dll
Event: 74.022 Unloaded dll "C:\Users\Truong\AppData\Local\Temp\sqlite-3.41.2.2-da206de1-2970-4ef7-984a-c3c2c6f61e23-sqlitejdbc.dll" [0x00007ffb9d550000]

Deoptimization events (20 events):
Event: 80.605 Thread 0x000001a57ec537d0 Uncommon trap: trap_request=0xffffffed fr.pc=0x000001a56094115c relative=0x000000000000059c
Event: 80.605 Thread 0x000001a57ec537d0 Uncommon trap: reason=null_assert_or_unreached0 action=reinterpret pc=0x000001a56094115c method=java.lang.StringUTF16.compress([CII)[B @ 12 jvmci
Event: 80.605 Thread 0x000001a57ec537d0 DEOPT PACKING pc=0x000001a56094115c sp=0x00000070e8ffaa30
Event: 80.605 Thread 0x000001a57ec537d0 DEOPT UNPACKING pc=0x000001a55efb4a43 sp=0x00000070e8ff9df0 mode 3
Event: 80.617 Thread 0x000001a57ec537d0 DEOPT PACKING pc=0x000001a557c7cb44 sp=0x00000070e8ffac20
Event: 80.618 Thread 0x000001a57ec537d0 DEOPT UNPACKING pc=0x000001a55efb4a43 sp=0x00000070e8ffa088 mode 0
Event: 80.645 Thread 0x000001a57ec537d0 DEOPT PACKING pc=0x000001a557c7cb44 sp=0x00000070e8ffb0f0
Event: 80.645 Thread 0x000001a57ec537d0 DEOPT UNPACKING pc=0x000001a55efb4a43 sp=0x00000070e8ffa558 mode 0
Event: 80.662 Thread 0x000001a57ec537d0 DEOPT PACKING pc=0x000001a557c7cb44 sp=0x00000070e8ffb0f0
Event: 80.662 Thread 0x000001a57ec537d0 DEOPT UNPACKING pc=0x000001a55efb4a43 sp=0x00000070e8ffa558 mode 0
Event: 80.678 Thread 0x000001a57ec537d0 DEOPT PACKING pc=0x000001a557c7cb44 sp=0x00000070e8ffb0f0
Event: 80.678 Thread 0x000001a57ec537d0 DEOPT UNPACKING pc=0x000001a55efb4a43 sp=0x00000070e8ffa558 mode 0
Event: 80.704 Thread 0x000001a57ec537d0 DEOPT PACKING pc=0x000001a557c7cb44 sp=0x00000070e8ffb1a0
Event: 80.704 Thread 0x000001a57ec537d0 DEOPT UNPACKING pc=0x000001a55efb4a43 sp=0x00000070e8ffa608 mode 0
Event: 80.730 Thread 0x000001a57ec537d0 DEOPT PACKING pc=0x000001a557c7cb44 sp=0x00000070e8ffb1a0
Event: 80.730 Thread 0x000001a57ec537d0 DEOPT UNPACKING pc=0x000001a55efb4a43 sp=0x00000070e8ffa608 mode 0
Event: 80.771 Thread 0x000001a57ec537d0 DEOPT PACKING pc=0x000001a55a7785f0 sp=0x00000070e8ffbc20
Event: 80.771 Thread 0x000001a57ec537d0 DEOPT UNPACKING pc=0x000001a55efb4a43 sp=0x00000070e8ffb100 mode 0
Event: 80.787 Thread 0x000001a57ec537d0 DEOPT PACKING pc=0x000001a55a7785f0 sp=0x00000070e8ffbc20
Event: 80.787 Thread 0x000001a57ec537d0 DEOPT UNPACKING pc=0x000001a55efb4a43 sp=0x00000070e8ffb100 mode 0

Classes loaded (20 events):
Event: 68.159 Loading class java/util/WeakHashMap$KeyIterator
Event: 68.159 Loading class java/util/WeakHashMap$HashIterator
Event: 68.159 Loading class java/util/WeakHashMap$HashIterator done
Event: 68.159 Loading class java/util/WeakHashMap$KeyIterator done
Event: 68.905 Loading class java/lang/reflect/Executable$ParameterData
Event: 68.905 Loading class java/lang/reflect/Executable$ParameterData done
Event: 69.602 Loading class java/nio/file/TempFileHelper
Event: 69.602 Loading class java/nio/file/TempFileHelper done
Event: 69.707 Loading class java/rmi/RemoteException
Event: 69.708 Loading class java/rmi/RemoteException done
Event: 70.281 Loading class java/util/concurrent/Executors$AutoShutdownDelegatedExecutorService
Event: 70.282 Loading class java/util/concurrent/Executors$DelegatedExecutorService
Event: 70.283 Loading class java/util/concurrent/Executors$DelegatedExecutorService done
Event: 70.283 Loading class java/util/concurrent/Executors$AutoShutdownDelegatedExecutorService done
Event: 70.550 Loading class java/lang/annotation/Repeatable
Event: 70.550 Loading class java/lang/annotation/Repeatable done
Event: 78.739 Loading class java/text/StringCharacterIterator
Event: 78.739 Loading class java/text/CharacterIterator
Event: 78.739 Loading class java/text/CharacterIterator done
Event: 78.739 Loading class java/text/StringCharacterIterator done

Classes unloaded (20 events):
Event: 73.969 Thread 0x000001a56d2ee3a0 Unloading class 0x000001a5025d6d20 'androidx/room/compiler/processing/javac/XTypeElementStore'
Event: 73.969 Thread 0x000001a56d2ee3a0 Unloading class 0x000001a5025d6ad8 'androidx/room/compiler/processing/ksp/KspProcessingEnv$ksTypeVarianceResolver$2'
Event: 73.969 Thread 0x000001a56d2ee3a0 Unloading class 0x000001a5025d6890 'androidx/room/compiler/processing/ksp/KspProcessingEnv$jvmVersion$2'
Event: 73.969 Thread 0x000001a56d2ee3a0 Unloading class 0x000001a5025d6648 'androidx/room/compiler/processing/ksp/KspProcessingEnv$jvmPlatformInfo$2'
Event: 73.969 Thread 0x000001a56d2ee3a0 Unloading class 0x000001a5025d6208 'androidx/room/compiler/processing/XProcessingEnv$Backend'
Event: 73.969 Thread 0x000001a56d2ee3a0 Unloading class 0x000001a5025d6000 'androidx/room/compiler/processing/XProcessingEnv$Companion'
Event: 73.969 Thread 0x000001a56d2ee3a0 Unloading class 0x000001a5025d5c20 'androidx/room/compiler/processing/ksp/KspProcessingEnv'
Event: 73.969 Thread 0x000001a56d2ee3a0 Unloading class 0x000001a5025d5a20 'androidx/room/compiler/processing/XProcessingEnv'
Event: 73.969 Thread 0x000001a56d2ee3a0 Unloading class 0x000001a5025d57d8 'androidx/room/compiler/processing/ksp/KspBasicAnnotationProcessor$DelegateLogger'
Event: 73.969 Thread 0x000001a56d2ee3a0 Unloading class 0x000001a5025d5390 'androidx/room/processor/Context$BooleanProcessorOptions'
Event: 73.969 Thread 0x000001a56d2ee3a0 Unloading class 0x000001a5025d5180 'androidx/room/compiler/processing/XProcessingEnvConfig$Builder'
Event: 73.969 Thread 0x000001a56d2ee3a0 Unloading class 0x000001a5025d4f78 'androidx/room/compiler/processing/XProcessingEnvConfig$Companion'
Event: 73.969 Thread 0x000001a56d2ee3a0 Unloading class 0x000001a5025d4d70 'androidx/room/compiler/processing/XProcessingEnvConfig'
Event: 73.969 Thread 0x000001a56d2ee3a0 Unloading class 0x000001a5025d4b68 'androidx/room/DatabaseProcessingStep$Companion'
Event: 73.969 Thread 0x000001a56d2ee3a0 Unloading class 0x000001a5025d4920 'androidx/room/DatabaseProcessingStep'
Event: 73.969 Thread 0x000001a56d2ee3a0 Unloading class 0x000001a5025d4720 'androidx/room/compiler/processing/XProcessingStep'
Event: 73.969 Thread 0x000001a56d2ee3a0 Unloading class 0x000001a5025d4490 'androidx/room/RoomKspProcessor'
Event: 73.969 Thread 0x000001a56d2ee3a0 Unloading class 0x000001a5025d4200 'androidx/room/compiler/processing/ksp/KspBasicAnnotationProcessor'
Event: 73.969 Thread 0x000001a56d2ee3a0 Unloading class 0x000001a5025d4000 'androidx/room/compiler/processing/XBasicAnnotationProcessor'
Event: 73.969 Thread 0x000001a56d2ee3a0 Unloading class 0x000001a502150c00 'androidx/room/RoomKspProcessor$Provider'

Classes redefined (0 events):
No events

Internal exceptions (20 events):
Event: 72.603 Thread 0x000001a57ec537d0 Implicit null exception at 0x000001a56037435f to 0x000001a56037450c
Event: 72.604 Thread 0x000001a57ec537d0 Implicit null exception at 0x000001a56037435f to 0x000001a56037450c
Event: 72.605 Thread 0x000001a57ec537d0 Implicit null exception at 0x000001a56037435f to 0x000001a56037450c
Event: 72.605 Thread 0x000001a57ec537d0 Implicit null exception at 0x000001a56037435f to 0x000001a56037450c
Event: 72.608 Thread 0x000001a57ec537d0 Implicit null exception at 0x000001a56037435f to 0x000001a56037450c
Event: 72.610 Thread 0x000001a57ec537d0 Implicit null exception at 0x000001a56037435f to 0x000001a56037450c
Event: 72.610 Thread 0x000001a57ec537d0 Implicit null exception at 0x000001a56037435f to 0x000001a56037450c
Event: 72.611 Thread 0x000001a57ec537d0 Implicit null exception at 0x000001a56037435f to 0x000001a56037450c
Event: 72.611 Thread 0x000001a57ec537d0 Implicit null exception at 0x000001a56037435f to 0x000001a56037450c
Event: 72.612 Thread 0x000001a57ec537d0 Implicit null exception at 0x000001a56037435f to 0x000001a56037450c
Event: 72.612 Thread 0x000001a57ec537d0 Implicit null exception at 0x000001a56037435f to 0x000001a56037450c
Event: 73.302 Thread 0x000001a56d3151b0 Implicit null exception at 0x000001a560112830 to 0x000001a5601131c0
Event: 73.491 Thread 0x000001a57ec537d0 Exception <a 'java/lang/NoSuchMethodError'{0x0000000097f08b30}: 'int java.lang.invoke.DirectMethodHandle$Holder.invokeStaticInit(java.lang.Object, int)'> (0x0000000097f08b30) 
thrown [s\src\hotspot\share\interpreter\linkResolver.cpp, line 773]
Event: 73.687 Thread 0x000001a57ec537d0 Implicit null exception at 0x000001a560d6e0b7 to 0x000001a55efb4670
Event: 73.961 Thread 0x000001a57ec537d0 Implicit null exception at 0x000001a560b8f45f to 0x000001a560b8f578
Event: 76.801 Thread 0x000001a57ec537d0 Implicit null exception at 0x000001a55f872065 to 0x000001a55f872090
Event: 77.758 Thread 0x000001a57ec537d0 Implicit null exception at 0x000001a560da58a9 to 0x000001a560da61e7
Event: 77.969 Thread 0x000001a57ec537d0 Implicit null exception at 0x000001a5607633c2 to 0x000001a55efb4670
Event: 79.702 Thread 0x000001a57ec537d0 Exception <a 'java/lang/NoSuchMethodError'{0x000000009fba5690}: 'java.lang.Object java.lang.invoke.DirectMethodHandle$Holder.invokeStatic(java.lang.Object, java.lang.Object, int, java.lang.Object, java.lang.Object, java.lang.Object)'> (0x000000009fba5690) 
thrown [s\src\hotspot\share\interpreter\linkResolver.cpp, line 773]
Event: 79.702 Thread 0x000001a57ec537d0 Exception <a 'java/lang/NoSuchMethodError'{0x000000009fbae0e8}: 'java.lang.Object java.lang.invoke.Invokers$Holder.linkToTargetMethod(java.lang.Object, int, java.lang.Object, java.lang.Object)'> (0x000000009fbae0e8) 
thrown [s\src\hotspot\share\interpreter\linkResolver.cpp, line 773]

ZGC Phase Switch (0 events):
No events

VM Operations (20 events):
Event: 79.647 Executing non-safepoint VM operation: HandshakeAllThreads (Deoptimize) done
Event: 79.904 Executing safepoint VM operation: ICBufferFull
Event: 79.904 Executing safepoint VM operation: ICBufferFull done
Event: 79.953 Executing non-safepoint VM operation: HandshakeAllThreads (Deoptimize)
Event: 79.953 Executing non-safepoint VM operation: HandshakeAllThreads (Deoptimize) done
Event: 79.955 Executing safepoint VM operation: G1CollectForAllocation (G1 Evacuation Pause)
Event: 79.955 Executing safepoint VM operation: G1CollectForAllocation (G1 Evacuation Pause) done
Event: 79.955 Executing safepoint VM operation: G1CollectForAllocation (GCLocker Initiated GC)
Event: 79.973 Executing safepoint VM operation: G1CollectForAllocation (GCLocker Initiated GC) done
Event: 80.260 Executing safepoint VM operation: ICBufferFull
Event: 80.261 Executing safepoint VM operation: ICBufferFull done
Event: 80.334 Executing safepoint VM operation: G1CollectForAllocation (G1 Evacuation Pause)
Event: 80.341 Executing safepoint VM operation: G1CollectForAllocation (G1 Evacuation Pause) done
Event: 80.505 Executing safepoint VM operation: G1PauseRemark
Event: 80.531 Executing safepoint VM operation: G1PauseRemark done
Event: 80.637 Executing safepoint VM operation: G1PauseCleanup
Event: 80.637 Executing safepoint VM operation: G1PauseCleanup done
Event: 80.732 Executing safepoint VM operation: G1CollectForAllocation (G1 Evacuation Pause)
Event: 80.746 Executing safepoint VM operation: G1CollectForAllocation (G1 Evacuation Pause) done
Event: 80.959 Executing safepoint VM operation: G1CollectForAllocation (G1 Evacuation Pause)

Memory protections (0 events):
No events

Nmethod flushes (20 events):
Event: 80.529 Thread 0x000001a56d2ee3a0 flushing  nmethod 0x000001a5590c0a90
Event: 80.529 Thread 0x000001a56d2ee3a0 flushing  nmethod 0x000001a5590c1e90
Event: 80.529 Thread 0x000001a56d2ee3a0 flushing  nmethod 0x000001a559130e90
Event: 80.529 Thread 0x000001a56d2ee3a0 flushing  nmethod 0x000001a559131590
Event: 80.529 Thread 0x000001a56d2ee3a0 flushing  nmethod 0x000001a559134b90
Event: 80.529 Thread 0x000001a56d2ee3a0 flushing  nmethod 0x000001a559136b10
Event: 80.529 Thread 0x000001a56d2ee3a0 flushing  nmethod 0x000001a559136f90
Event: 80.529 Thread 0x000001a56d2ee3a0 flushing  nmethod 0x000001a5595a5e10
Event: 80.529 Thread 0x000001a56d2ee3a0 flushing  nmethod 0x000001a559d11910
Event: 80.529 Thread 0x000001a56d2ee3a0 flushing  nmethod 0x000001a559d5ff10
Event: 80.529 Thread 0x000001a56d2ee3a0 flushing  nmethod 0x000001a559d60390
Event: 80.529 Thread 0x000001a56d2ee3a0 flushing  nmethod 0x000001a559d7f590
Event: 80.529 Thread 0x000001a56d2ee3a0 flushing  nmethod 0x000001a559d84210
Event: 80.529 Thread 0x000001a56d2ee3a0 flushing  nmethod 0x000001a559d84890
Event: 80.529 Thread 0x000001a56d2ee3a0 flushing  nmethod 0x000001a559d84e90
Event: 80.529 Thread 0x000001a56d2ee3a0 flushing  nmethod 0x000001a559d85810
Event: 80.529 Thread 0x000001a56d2ee3a0 flushing  nmethod 0x000001a55a36e710
Event: 80.529 Thread 0x000001a56d2ee3a0 flushing  nmethod 0x000001a55a370c90
Event: 80.529 Thread 0x000001a56d2ee3a0 flushing  nmethod 0x000001a55a373610
Event: 80.529 Thread 0x000001a56d2ee3a0 flushing  nmethod 0x000001a55a4d0510

Events (20 events):
Event: 73.587 Thread 0x000001a57ede4300 Thread exited: 0x000001a57ede4300
Event: 75.762 Thread 0x000001a56d31ec30 Thread added: 0x000001a57ede0c80
Event: 75.763 Thread 0x000001a56d31ec30 Thread added: 0x000001a5472e8fc0
Event: 75.763 Thread 0x000001a56d31ec30 Thread added: 0x000001a5472ebf70
Event: 75.763 Thread 0x000001a56d31ec30 Thread added: 0x000001a5472eab00
Event: 76.137 Thread 0x000001a5472eab00 Thread exited: 0x000001a5472eab00
Event: 76.280 Thread 0x000001a5472ebf70 Thread exited: 0x000001a5472ebf70
Event: 76.296 Thread 0x000001a5472e8fc0 Thread exited: 0x000001a5472e8fc0
Event: 76.302 Thread 0x000001a57ede0c80 Thread exited: 0x000001a57ede0c80
Event: 76.397 Thread 0x000001a57ede20f0 Thread exited: 0x000001a57ede20f0
Event: 76.450 Thread 0x000001a57edde3a0 Thread exited: 0x000001a57edde3a0
Event: 76.450 Thread 0x000001a57ede3560 Thread exited: 0x000001a57ede3560
Event: 76.714 Thread 0x000001a56d31ec30 Thread added: 0x000001a57edde3a0
Event: 76.714 Thread 0x000001a56d31ec30 Thread added: 0x000001a57ede20f0
Event: 76.714 Thread 0x000001a56d31ec30 Thread added: 0x000001a57ede3c30
Event: 76.714 Thread 0x000001a56d31ec30 Thread added: 0x000001a57ede3560
Event: 78.609 Thread 0x000001a57ede3560 Thread exited: 0x000001a57ede3560
Event: 78.665 Thread 0x000001a57ede3c30 Thread exited: 0x000001a57ede3c30
Event: 79.507 Thread 0x000001a56d31ec30 Thread added: 0x000001a547ffc360
Event: 79.507 Thread 0x000001a56d31ec30 Thread added: 0x000001a547ffd100


Dynamic libraries:
0x00007ff787890000 - 0x00007ff78789e000 	C:\LibericaNIK\bin\java.exe
0x00007ffc194e0000 - 0x00007ffc19746000 	C:\WINDOWS\SYSTEM32\ntdll.dll
0x00007ffc18190000 - 0x00007ffc18259000 	C:\WINDOWS\System32\KERNEL32.DLL
0x00007ffc16dd0000 - 0x00007ffc171ce000 	C:\WINDOWS\System32\KERNELBASE.dll
0x00007ffc16780000 - 0x00007ffc168cc000 	C:\WINDOWS\System32\ucrtbase.dll
0x00007ffbfc6f0000 - 0x00007ffbfc70b000 	C:\LibericaNIK\bin\VCRUNTIME140.dll
0x00007ffbfc710000 - 0x00007ffbfc728000 	C:\LibericaNIK\bin\jli.dll
0x00007ffc189a0000 - 0x00007ffc18b67000 	C:\WINDOWS\System32\USER32.dll
0x00007ffbf6af0000 - 0x00007ffbf6d82000 	C:\WINDOWS\WinSxS\amd64_microsoft.windows.common-controls_6595b64144ccf1df_6.0.26100.8875_none_3e0d5d42e32fe9dd\COMCTL32.dll
0x00007ffc168e0000 - 0x00007ffc16907000 	C:\WINDOWS\System32\win32u.dll
0x00007ffc18bf0000 - 0x00007ffc18c99000 	C:\WINDOWS\System32\msvcrt.dll
0x00007ffc180d0000 - 0x00007ffc180fb000 	C:\WINDOWS\System32\GDI32.dll
0x00007ffc16b50000 - 0x00007ffc16c7a000 	C:\WINDOWS\System32\gdi32full.dll
0x00007ffc166d0000 - 0x00007ffc16773000 	C:\WINDOWS\System32\msvcp_win.dll
0x00007ffc18310000 - 0x00007ffc18342000 	C:\WINDOWS\System32\IMM32.DLL
0x00007ffc02000000 - 0x00007ffc0200c000 	C:\LibericaNIK\bin\vcruntime140_1.dll
0x00007ffbd4090000 - 0x00007ffbd411e000 	C:\LibericaNIK\bin\msvcp140.dll
0x00007ffb89340000 - 0x00007ffb8a0fd000 	C:\LibericaNIK\bin\server\jvm.dll
0x00007ffc18450000 - 0x00007ffc18507000 	C:\WINDOWS\System32\ADVAPI32.dll
0x00007ffc18260000 - 0x00007ffc1830a000 	C:\WINDOWS\System32\sechost.dll
0x00007ffc17450000 - 0x00007ffc17568000 	C:\WINDOWS\System32\RPCRT4.dll
0x00007ffc18cd0000 - 0x00007ffc18d50000 	C:\WINDOWS\System32\WS2_32.dll
0x00007ffc16530000 - 0x00007ffc1658e000 	C:\WINDOWS\SYSTEM32\POWRPROF.dll
0x00007ffc0a5f0000 - 0x00007ffc0a626000 	C:\WINDOWS\SYSTEM32\WINMM.dll
0x00007ffc01b00000 - 0x00007ffc01b0b000 	C:\WINDOWS\SYSTEM32\VERSION.dll
0x00007ffc16510000 - 0x00007ffc16524000 	C:\WINDOWS\SYSTEM32\UMPDC.dll
0x00007ffc15370000 - 0x00007ffc1538b000 	C:\WINDOWS\SYSTEM32\kernel.appcore.dll
0x00007ffc01e90000 - 0x00007ffc01e9a000 	C:\LibericaNIK\bin\jimage.dll
0x00007ffc13900000 - 0x00007ffc13b42000 	C:\WINDOWS\SYSTEM32\DBGHELP.DLL
0x00007ffc19020000 - 0x00007ffc193a3000 	C:\WINDOWS\System32\combase.dll
0x00007ffc17e10000 - 0x00007ffc17ee9000 	C:\WINDOWS\System32\OLEAUT32.dll
0x00007ffbe0a60000 - 0x00007ffbe0a9b000 	C:\WINDOWS\SYSTEM32\dbgcore.DLL
0x00007ffc16a90000 - 0x00007ffc16b3c000 	C:\WINDOWS\System32\bcryptPrimitives.dll
0x00007ffc01fc0000 - 0x00007ffc01fcf000 	C:\LibericaNIK\bin\instrument.dll
0x00007ffbf9950000 - 0x00007ffbf996f000 	C:\LibericaNIK\bin\java.dll
0x00007ffc17670000 - 0x00007ffc17e02000 	C:\WINDOWS\System32\SHELL32.dll
0x00007ffc14130000 - 0x00007ffc149c2000 	C:\WINDOWS\SYSTEM32\windows.storage.dll
0x00007ffc17570000 - 0x00007ffc17667000 	C:\WINDOWS\System32\SHCORE.dll
0x00007ffc18b70000 - 0x00007ffc18bd7000 	C:\WINDOWS\System32\shlwapi.dll
0x00007ffc165f0000 - 0x00007ffc16619000 	C:\WINDOWS\SYSTEM32\profapi.dll
0x00007ffb9ed60000 - 0x00007ffb9ee37000 	C:\LibericaNIK\bin\jsvml.dll
0x00007ffbf1c70000 - 0x00007ffbf1c88000 	C:\LibericaNIK\bin\zip.dll
0x00007ffc01e00000 - 0x00007ffc01e10000 	C:\LibericaNIK\bin\net.dll
0x00007ffc0a4c0000 - 0x00007ffc0a5e7000 	C:\WINDOWS\SYSTEM32\WINHTTP.dll
0x00007ffc15900000 - 0x00007ffc1596c000 	C:\WINDOWS\system32\mswsock.dll
0x00007ffbf9210000 - 0x00007ffbf9226000 	C:\LibericaNIK\bin\nio.dll
0x00007ffbf5610000 - 0x00007ffbf5620000 	C:\LibericaNIK\bin\verify.dll
0x00007ffbe6c30000 - 0x00007ffbe6c57000 	C:\Users\Truong\.gradle\native\660c5614fbf4a5f2a75b1949f50a0caf5cd603558e7d8a26e50b933a0cfb79d1\windows-amd64\native-platform.dll
0x00007ffbd6b30000 - 0x00007ffbd6ba7000 	C:\Users\Truong\.gradle\native\0.2.8\x86_64-windows-gnu\gradle-fileevents.dll
0x00007ffbfe6a0000 - 0x00007ffbfe6aa000 	C:\LibericaNIK\bin\management.dll
0x00007ffbfe460000 - 0x00007ffbfe46b000 	C:\LibericaNIK\bin\management_ext.dll
0x00007ffc18be0000 - 0x00007ffc18be8000 	C:\WINDOWS\System32\PSAPI.DLL
0x00007ffc14d20000 - 0x00007ffc14d53000 	C:\WINDOWS\SYSTEM32\IPHLPAPI.DLL
0x00007ffc18ca0000 - 0x00007ffc18caa000 	C:\WINDOWS\System32\NSI.dll
0x00007ffbfc7a0000 - 0x00007ffbfc7a9000 	C:\LibericaNIK\bin\extnet.dll
0x00007ffc15d30000 - 0x00007ffc15d4b000 	C:\WINDOWS\SYSTEM32\CRYPTSP.dll
0x00007ffc152d0000 - 0x00007ffc15309000 	C:\WINDOWS\system32\rsaenh.dll
0x00007ffc159c0000 - 0x00007ffc159f2000 	C:\WINDOWS\SYSTEM32\USERENV.dll
0x00007ffc165c0000 - 0x00007ffc165ea000 	C:\WINDOWS\SYSTEM32\bcrypt.dll
0x00007ffc15b70000 - 0x00007ffc15b7c000 	C:\WINDOWS\SYSTEM32\CRYPTBASE.dll
0x00007ffbef960000 - 0x00007ffbef96e000 	C:\LibericaNIK\bin\sunmscapi.dll
0x00007ffc16910000 - 0x00007ffc16a88000 	C:\WINDOWS\System32\CRYPT32.dll
0x00007ffc15ea0000 - 0x00007ffc15ed0000 	C:\WINDOWS\SYSTEM32\ncrypt.dll
0x00007ffc15e50000 - 0x00007ffc15e8f000 	C:\WINDOWS\SYSTEM32\NTASN1.dll
0x00007ffbe6980000 - 0x00007ffbe6988000 	C:\WINDOWS\system32\wshunix.dll
0x00007ffb9cb40000 - 0x00007ffb9ccce000 	C:\LibericaNIK\bin\awt.dll
0x00007ffc12590000 - 0x00007ffc12630000 	C:\WINDOWS\SYSTEM32\apphelp.dll
0x00007ffc12890000 - 0x00007ffc12939000 	C:\WINDOWS\system32\uxtheme.dll
0x00007ffc18eb0000 - 0x00007ffc1900d000 	C:\WINDOWS\System32\MSCTF.dll
0x00007ffc172b0000 - 0x00007ffc17449000 	C:\WINDOWS\System32\ole32.dll
0x00007ffc154a0000 - 0x00007ffc154d6000 	C:\WINDOWS\SYSTEM32\ntmarta.dll

JVMTI agents:
C:\Users\Truong\.gradle\wrapper\dists\gradle-9.2.1-bin\2t0n5ozlw9xmuyvbp7dnzaxug\gradle-9.2.1\lib\agents\gradle-instrumentation-agent-9.2.1.jar path:C:\LibericaNIK\bin\instrument.dll, loaded, initialized, instrumentlib options:none

dbghelp: loaded successfully - version: 4.0.5 - missing functions: none
symbol engine: initialized successfully - sym options: 0x614 - pdb path: .;C:\LibericaNIK\bin;C:\WINDOWS\SYSTEM32;C:\WINDOWS\WinSxS\amd64_microsoft.windows.common-controls_6595b64144ccf1df_6.0.26100.8875_none_3e0d5d42e32fe9dd;C:\LibericaNIK\bin\server;C:\Users\Truong\.gradle\native\660c5614fbf4a5f2a75b1949f50a0caf5cd603558e7d8a26e50b933a0cfb79d1\windows-amd64;C:\Users\Truong\.gradle\native\0.2.8\x86_64-windows-gnu;C:\Users\Truong\AppData\Local\Temp

VM Arguments:
jvm_args: -XX:ThreadPriorityPolicy=1 -XX:+UnlockExperimentalVMOptions -XX:+EnableJVMCIProduct -XX:-UnlockExperimentalVMOptions --add-opens=java.base/java.lang=ALL-UNNAMED --add-opens=java.base/java.lang.invoke=ALL-UNNAMED --add-opens=java.base/java.util=ALL-UNNAMED --add-opens=java.prefs/java.util.prefs=ALL-UNNAMED --add-exports=jdk.compiler/com.sun.tools.javac.api=ALL-UNNAMED --add-exports=jdk.compiler/com.sun.tools.javac.util=ALL-UNNAMED --add-opens=java.base/java.util=ALL-UNNAMED --add-opens=java.prefs/java.util.prefs=ALL-UNNAMED --add-opens=java.base/java.nio.charset=ALL-UNNAMED --add-opens=java.base/java.net=ALL-UNNAMED --add-opens=java.base/java.util.concurrent=ALL-UNNAMED --add-opens=java.base/java.util.concurrent.atomic=ALL-UNNAMED --add-opens=java.xml/javax.xml.namespace=ALL-UNNAMED --add-opens=java.base/java.time=ALL-UNNAMED -XX:MaxMetaspaceSize=1024m -XX:+HeapDumpOnOutOfMemoryError -Xmx2048m -Dfile.encoding=UTF-8 -Duser.country=VN -Duser.language=vi -Duser.variant -javaagent:C:\Users\Truong\.gradle\wrapper\dists\gradle-9.2.1-bin\2t0n5ozlw9xmuyvbp7dnzaxug\gradle-9.2.1\lib\agents\gradle-instrumentation-agent-9.2.1.jar 
java_command: org.gradle.launcher.daemon.bootstrap.GradleDaemon 9.2.1
java_class_path (initial): C:\Users\Truong\.gradle\wrapper\dists\gradle-9.2.1-bin\2t0n5ozlw9xmuyvbp7dnzaxug\gradle-9.2.1\lib\gradle-daemon-main-9.2.1.jar
Launcher Type: SUN_STANDARD

[Global flags]
     intx CICompilerCount                          = 12                                        {product} {ergonomic}
   size_t CompressedClassSpaceSize                 = 872415232                                 {product} {ergonomic}
     uint ConcGCThreads                            = 4                                         {product} {ergonomic}
     bool EnableJVMCIProduct                       = true                                {JVMCI product} {jimage}
     uint G1ConcRefinementThreads                  = 15                                        {product} {ergonomic}
   size_t G1HeapRegionSize                         = 1048576                                   {product} {ergonomic}
    uintx GCDrainStackTargetSize                   = 64                                        {product} {ergonomic}
     bool HeapDumpOnOutOfMemoryError               = true                                   {manageable} {command line}
   size_t InitialHeapSize                          = 666894336                                 {product} {ergonomic}
   size_t MarkStackSize                            = 4194304                                   {product} {ergonomic}
   size_t MaxHeapSize                              = 2147483648                                {product} {command line}
   size_t MaxMetaspaceSize                         = 1073741824                                {product} {command line}
   size_t MaxNewSize                               = 1287651328                                {product} {ergonomic}
   size_t MinHeapDeltaBytes                        = 1048576                                   {product} {ergonomic}
   size_t MinHeapSize                              = 8388608                                   {product} {ergonomic}
    uintx NonNMethodCodeHeapSize                   = 7602480                                {pd product} {ergonomic}
    uintx NonProfiledCodeHeapSize                  = 122027880                              {pd product} {ergonomic}
    uintx ProfiledCodeHeapSize                     = 122027880                              {pd product} {ergonomic}
    uintx ReservedCodeCacheSize                    = 251658240                              {pd product} {ergonomic}
     bool SegmentedCodeCache                       = true                                      {product} {ergonomic}
   size_t SoftMaxHeapSize                          = 2147483648                             {manageable} {ergonomic}
      int ThreadPriorityPolicy                     = 1                                         {product} {jimage}
     bool UseCompressedOops                        = true                           {product lp64_product} {ergonomic}
     bool UseG1GC                                  = true                                      {product} {ergonomic}
     bool UseLargePagesIndividualAllocation        = false                                  {pd product} {ergonomic}

Logging:
Log output configuration:
 #0: stdout all=warning uptime,level,tags foldmultilines=false
 #1: stderr all=off uptime,level,tags foldmultilines=false

Release file:
IMPLEMENTOR="BellSoft" 
JAVA_RUNTIME_VERSION="21.0.10+11-LTS" 
JAVA_VERSION="21.0.10" 
JAVA_VERSION_DATE="2026-01-20" 
LIBC="default" 
MODULES="java.base java.logging jdk.internal.vm.ci jdk.unsupported org.graalvm.collections java.management jdk.management org.graalvm.truffle.compiler org.graalvm.word jdk.internal.vm.compiler com.oracle.graal.graal_enterprise org.graalvm.nativeimage com.oracle.svm.enterprise.truffle com.oracle.svm.extraimage_enterprise com.oracle.svm.svm_enterprise com.oracle.svm_enterprise.ml_dataset com.oracle.truffle.enterprise com.oracle.truffle.enterprise.svm java.compiler java.datatransfer java.xml java.prefs java.desktop java.instrument java.security.sasl java.naming java.rmi java.management.rmi java.net.http java.scripting java.security.jgss java.transaction.xa java.sql java.sql.rowset java.xml.crypto java.se java.smartcardio jdk.jfr javafx.base javafx.graphics javafx.controls javafx.fxml javafx.media jdk.unsupported.desktop javafx.swing jdk.jsobject jdk.xml.dom javafx.web jdk.accessibility jdk.internal.jvmstat jdk.attach jdk.charsets jdk.internal.opt jdk.zipfs jdk.compiler jdk.crypto.ec jdk.crypto.cryptoki jdk.crypto.mscapi jdk.dynalink jdk.internal.ed jdk.editpad jdk.hotspot.agent jdk.httpserver jdk.incubator.vector jdk.internal.le jdk.internal.vm.compiler.management jdk.jartool jdk.javadoc jdk.jcmd jdk.management.agent jdk.jconsole jdk.jdeps jdk.jdwp.agent jdk.jdi jdk.jlink jdk.jpackage jdk.jshell jdk.jstatd jdk.localedata jdk.management.jfr jdk.naming.dns jdk.naming.rmi jdk.net jdk.nio.mapmode jdk.random jdk.sctp jdk.security.auth jdk.security.jgss org.graalvm.extraimage.builder org.graalvm.nativeimage.llvm" 
OS_ARCH="x86_64" 
OS_NAME="Windows" 
SOURCE=".:git:76a66c4f74b7+ compiler:06c034f5c9e0ea787d30d6c38b46e66921f0f2b9 java-benchmarks:06c034f5c9e0ea787d30d6c38b46e66921f0f2b9 regex:06c034f5c9e0ea787d30d6c38b46e66921f0f2b9 sdk:06c034f5c9e0ea787d30d6c38b46e66921f0f2b9 substratevm:06c034f5c9e0ea787d30d6c38b46e66921f0f2b9 truffle:06c034f
Environment Variables:
JAVA_HOME=C:\LibericaNIK
PATH=C:/Users/Truong/.gemini/antigravity-ide/bin;C:\Program Files (x86)\Common Files\Oracle\Java\java8path;C:\Program Files (x86)\Common Files\Oracle\Java\javapath;C:\LibericaNIK\bin\;C:\WINDOWS\system32;C:\WINDOWS;C:\WINDOWS\System32\Wbem;C:\WINDOWS\System32\WindowsPowerShell\v1.0\;C:\WINDOWS\System32\OpenSSH\;C:\Users\Truong\AppData\Local\Microsoft\WindowsApps;C:\Program Files\Tailscale\;C:\WINDOWS\system32;C:\WINDOWS;C:\WINDOWS\System32\Wbem;C:\WINDOWS\System32\WindowsPowerShell\v1.0\;C:\WINDOWS\System32\OpenSSH\;C:\Program Files\nodejs\;C:\Users\Truong\.local\bin;C:\LibericaNIK\25.0.1\bin;C:\Program Files\Apache\\bin;C:\Program Files\WiX Toolset v6.0\bin\;C:\Users\Truong\.dotnet\tools;C:\Users\Truong\AppData\Local\Programs\Antigravity\bin;C:\Users\Truong\AppData\Local\Python\bin;C:\Users\Truong\AppData\Local\Programs\Windsurf\bin;C:\Users\Truong\AppData\Local\Python\pythoncore-3.14-64\Scripts;C:\Users\Truong\AppData\Roaming\npm;C:\Users\Truong\.bun\bin;C:\Users\Truong\AppData\Local\Programs\Microsoft VS Code\bin;C:\Users\Truong\AppData\Local\Microsof;C:\Program Files (x86)\Windows Kits\10\Windows Performance Toolkit\;C:\Program Files\dotnet\;C:\Program Files\Git\cmd;C:\Users\Truong\AppData\Local\Programs\Python\Python312\Scripts\;C:\Users\Truong\AppData\Local\Programs\Python\Python312\;C:\Users\Truong\AppData\Local\Programs\Python\Launcher\;C:\Users\Truong\.local\bin;C:\LibericaNIK\bin;C:\WINDOWS\system32;C:\WINDOWS;C:\WINDOWS\System32\Wbem;C:\WINDOWS\System32\WindowsPowerShell\v1.0\;C:\WINDOWS\System32\OpenSSH\;C:\Users\Truong\AppData\Local\Microsoft\WindowsApps;C:\Program Files\dotnet\;C:\Program Files (x86)\Windows Kits\10\Windows Performance Toolkit\;C:\Program Files\Tailscale\;C:\WINDOWS\system32;C:\WINDOWS;C:\WINDOWS\System32\Wbem;C:\WINDOWS\System32\WindowsPowerShell\v1.0\;C:\WINDOWS\System32\OpenSSH\;C:\Program Files\Git\cmd;C:\LibericaNIK\25.0.1\bin;C:\WINDOWS\system32;C:\WINDOWS;C:\WINDOWS\System32\Wbem;C:\WINDOWS\System32\WindowsPowerShell\v1.0\;C:\WINDOWS\System32\OpenSSH\;C:\Program Files\dotnet\;C:\Program Files\Apache\\bin;C:\Users\Truong\AppData\Local\Microsoft\WindowsApps;C:\Program Files\WiX Toolset v6.0\bin\;C:\Users\Truong\.dotnet\tools;C:\Users\Truong\AppData\Local\Python\bin;C:\Users\Truong\AppData\Local\Microsoft\WindowsApps;C:\Users\Truong\AppData\Local\Programs\Windsurf\bin;C:\Users\Truong\AppData\Local\Python\pythoncore-3.14-64\Scripts;C:\Users\Truong\AppData\Roaming\npm;C:\Users\Truong\.bun\bin;C:\Users\Truong\AppData\Local\Programs\Microsoft VS Code\bin;C:\Users\Truong\AppData\Local\Microsoft\WinGet\Packages\rtk-ai.rtk_Microsoft.Winget.Source_8wekyb3d8bbwe;C:\Tools;C:\Users\Truong\.local\bin;C:\Users\Truong\.dotnet\tools;C:\Users\Truong\AppData\Local\Programs\Antigravity IDE\bin;C:\Users\Truong\AppData\Local\CungCapAI\bin;C:\Users\Truong\.dotnet\tools
USERNAME=Truong
OS=Windows_NT
PROCESSOR_IDENTIFIER=Intel64 Family 6 Model 186 Stepping 2, GenuineIntel
TMP=C:\Users\Truong\AppData\Local\Temp
TEMP=C:\Users\Truong\AppData\Local\Temp




Periodic native trim disabled

---------------  S Y S T E M  ---------------

OS:
 Windows 11 , 64 bit Build 26100 (10.0.26100.8875)
OS uptime: 0 days 12:18 hours
Hyper-V role detected

CPU: total 20 (initial active 20) (10 cores per cpu, 2 threads per core) family 6 model 186 stepping 2 microcode 0x4124, cx8, cmov, fxsr, ht, mmx, 3dnowpref, sse, sse2, sse3, ssse3, sse4.1, sse4.2, popcnt, lzcnt, tsc, tscinvbit, avx, avx2, aes, erms, clmul, bmi1, bmi2, adx, sha, fma, vzeroupper, clflush, clflushopt, clwb, hv, serialize, rdtscp, rdpid, fsrm, f16c, cet_ibt, cet_ss
Processor Information for processor 0
  Max Mhz: 2600, Current Mhz: 2600, Mhz Limit: 2600
Processor Information for processor 1
  Max Mhz: 2600, Current Mhz: 2600, Mhz Limit: 2600
Processor Information for processor 2
  Max Mhz: 2600, Current Mhz: 2600, Mhz Limit: 2600
Processor Information for processor 3
  Max Mhz: 2600, Current Mhz: 2600, Mhz Limit: 2600
Processor Information for processor 4
  Max Mhz: 2600, Current Mhz: 2600, Mhz Limit: 2600
Processor Information for processor 5
  Max Mhz: 2600, Current Mhz: 2600, Mhz Limit: 2600
Processor Information for processor 6
  Max Mhz: 2600, Current Mhz: 2600, Mhz Limit: 2600
Processor Information for processor 7
  Max Mhz: 2600, Current Mhz: 2600, Mhz Limit: 2600
Processor Information for processor 8
  Max Mhz: 2600, Current Mhz: 2600, Mhz Limit: 2600
Processor Information for processor 9
  Max Mhz: 2600, Current Mhz: 2600, Mhz Limit: 2600
Processor Information for processor 10
  Max Mhz: 2600, Current Mhz: 2600, Mhz Limit: 2600
Processor Information for processor 11
  Max Mhz: 2600, Current Mhz: 2600, Mhz Limit: 2600
Processor Information for processor 12
  Max Mhz: 2600, Current Mhz: 1900, Mhz Limit: 1898
Processor Information for processor 13
  Max Mhz: 2600, Current Mhz: 1900, Mhz Limit: 1898
Processor Information for processor 14
  Max Mhz: 2600, Current Mhz: 1900, Mhz Limit: 1898
Processor Information for processor 15
  Max Mhz: 2600, Current Mhz: 1900, Mhz Limit: 1898
Processor Information for processor 16
  Max Mhz: 2600, Current Mhz: 1900, Mhz Limit: 1898
Processor Information for processor 17
  Max Mhz: 2600, Current Mhz: 1900, Mhz Limit: 1898
Processor Information for processor 18
  Max Mhz: 2600, Current Mhz: 1900, Mhz Limit: 1898
Processor Information for processor 19
  Max Mhz: 2600, Current Mhz: 1900, Mhz Limit: 1898

Memory: 4k page, system-wide physical 40589M (14772M free)
TotalPageFile size 40589M (AvailPageFile size 270M)
current process WorkingSet (physical memory assigned to process): 1194M, peak: 1215M
current process commit charge ("private bytes"): 1253M, peak: 1460M

vm_info: OpenJDK 64-Bit Server VM (21.0.10+11-LTS) for windows-amd64 JRE (21.0.10+11-LTS), built on 2026-01-17T01:52:14Z by "hudson" with MS VC++ 17.1 (VS2022)

END.
